"Language","Participant","Gender","Word","VOT","NumSyllables","Plosive","Voicing","CV","Vowels","Interview_English","Vocabulary_English","EnglishScore","besten100","interen100","Place","Place.sum","Height.Num","Front.Num"
"Spanish","f6","f","barba",-29,2,"b","voiced","ba","a",3,45,64.6153846153846,0.692307692307692,0.6,"labial","labial","non-high","back"
"Spanish","f6","f","barca",-28,2,"b","voiced","ba","a",3,45,64.6153846153846,0.692307692307692,0.6,"labial","labial","non-high","back"
"Spanish","f6","f","bata",-62,2,"b","voiced","ba","a",3,45,64.6153846153846,0.692307692307692,0.6,"labial","labial","non-high","back"
"Spanish","f6","f","bici",-86,2,"b","voiced","bi","i",3,45,64.6153846153846,0.692307692307692,0.6,"labial","labial","high","front"
"Spanish","f6","f","boca",-52,2,"b","voiced","bo","o",3,45,64.6153846153846,0.692307692307692,0.6,"labial","labial","non-high","back"
"Spanish","f6","f","bolsa",-52,2,"b","voiced","bo","o",3,45,64.6153846153846,0.692307692307692,0.6,"labial","labial","non-high","back"
"Spanish","f6","f","bolso",-41,2,"b","voiced","bo","o",3,45,64.6153846153846,0.692307692307692,0.6,"labial","labial","non-high","back"
"Spanish","f6","f","bosque",-36,2,"b","voiced","bo","o",3,45,64.6153846153846,0.692307692307692,0.6,"labial","labial","non-high","back"
"Spanish","f6","f","buho",-88,2,"b","voiced","bu","u",3,45,64.6153846153846,0.692307692307692,0.6,"labial","labial","high","back"
"Spanish","f6","f","burro",-52,2,"b","voiced","bu","u",3,45,64.6153846153846,0.692307692307692,0.6,"labial","labial","high","back"
"Spanish","f6","f","cabra",20,2,"k","voiceless","ka","a",3,45,64.6153846153846,0.692307692307692,0.6,"dorsal","dorsal","non-high","back"
"Spanish","f6","f","calvo",23,2,"k","voiceless","ka","a",3,45,64.6153846153846,0.692307692307692,0.6,"dorsal","dorsal","non-high","back"
"Spanish","f6","f","cama",40,2,"k","voiceless","ka","a",3,45,64.6153846153846,0.692307692307692,0.6,"dorsal","dorsal","non-high","back"
"Spanish","f6","f","carcel",32,2,"k","voiceless","ka","a",3,45,64.6153846153846,0.692307692307692,0.6,"dorsal","dorsal","non-high","back"
"Spanish","f6","f","carne",37,2,"k","voiceless","ka","a",3,45,64.6153846153846,0.692307692307692,0.6,"dorsal","dorsal","non-high","back"
"Spanish","f6","f","carro",28,2,"k","voiceless","ka","a",3,45,64.6153846153846,0.692307692307692,0.6,"dorsal","dorsal","non-high","back"
"Spanish","f6","f","carta",26,2,"k","voiceless","ka","a",3,45,64.6153846153846,0.692307692307692,0.6,"dorsal","dorsal","non-high","back"
"Spanish","f6","f","casa",29,2,"k","voiceless","ka","a",3,45,64.6153846153846,0.692307692307692,0.6,"dorsal","dorsal","non-high","back"
"Spanish","f6","f","codo",40,2,"k","voiceless","ko","o",3,45,64.6153846153846,0.692307692307692,0.6,"dorsal","dorsal","non-high","back"
"Spanish","f6","f","culo",35,2,"k","voiceless","ku","u",3,45,64.6153846153846,0.692307692307692,0.6,"dorsal","dorsal","high","back"
"Spanish","f6","f","dado",-40,2,"d","voiced","da","a",3,45,64.6153846153846,0.692307692307692,0.6,"coronal","coronal","non-high","back"
"Spanish","f6","f","danza",-40,2,"d","voiced","da","a",3,45,64.6153846153846,0.692307692307692,0.6,"coronal","coronal","non-high","back"
"Spanish","f6","f","dardo",-42,2,"d","voiced","da","a",3,45,64.6153846153846,0.692307692307692,0.6,"coronal","coronal","non-high","back"
"Spanish","f6","f","dedo",-53,2,"d","voiced","de","e",3,45,64.6153846153846,0.692307692307692,0.6,"coronal","coronal","non-high","front"
"Spanish","f6","f","dia",-42,2,"d","voiced","di","i",3,45,64.6153846153846,0.692307692307692,0.6,"coronal","coronal","high","front"
"Spanish","f6","f","doble",-56,2,"d","voiced","do","o",3,45,64.6153846153846,0.692307692307692,0.6,"coronal","coronal","non-high","back"
"Spanish","f6","f","doce",-32,2,"d","voiced","do","o",3,45,64.6153846153846,0.692307692307692,0.6,"coronal","coronal","non-high","back"
"Spanish","f6","f","dos",-46,1,"d","voiced","do","o",3,45,64.6153846153846,0.692307692307692,0.6,"coronal","coronal","non-high","back"
"Spanish","f6","f","dulces",-16,2,"d","voiced","du","u",3,45,64.6153846153846,0.692307692307692,0.6,"coronal","coronal","high","back"
"Spanish","f6","f","duro",-59,2,"d","voiced","du","u",3,45,64.6153846153846,0.692307692307692,0.6,"coronal","coronal","high","back"
"Spanish","f6","f","gafas",-32,2,"g","voiced","ga","a",3,45,64.6153846153846,0.692307692307692,0.6,"dorsal","dorsal","non-high","back"
"Spanish","f6","f","gallo",-18,2,"g","voiced","ga","a",3,45,64.6153846153846,0.692307692307692,0.6,"dorsal","dorsal","non-high","back"
"Spanish","f6","f","gato",-32,2,"g","voiced","ga","a",3,45,64.6153846153846,0.692307692307692,0.6,"dorsal","dorsal","non-high","back"
"Spanish","f6","f","golf",-93,1,"g","voiced","go","o",3,45,64.6153846153846,0.692307692307692,0.6,"dorsal","dorsal","non-high","back"
"Spanish","f6","f","gorra",-68,2,"g","voiced","go","o",3,45,64.6153846153846,0.692307692307692,0.6,"dorsal","dorsal","non-high","back"
"Spanish","f6","f","gota",-265,2,"g","voiced","go","o",3,45,64.6153846153846,0.692307692307692,0.6,"dorsal","dorsal","non-high","back"
"Spanish","f6","f","guino",-33,2,"g","voiced","gu","u",3,45,64.6153846153846,0.692307692307692,0.6,"dorsal","dorsal","high","back"
"Spanish","f6","f","gordo",-50,2,"g","voiced","go","o",3,45,64.6153846153846,0.692307692307692,0.6,"dorsal","dorsal","non-high","back"
"Spanish","f6","f","pico",16,2,"p","voiceless","pi","i",3,45,64.6153846153846,0.692307692307692,0.6,"labial","labial","high","front"
"Spanish","f6","f","pina",20,2,"p","voiceless","pi","i",3,45,64.6153846153846,0.692307692307692,0.6,"labial","labial","high","front"
"Spanish","f6","f","pino",15,2,"p","voiceless","pi","i",3,45,64.6153846153846,0.692307692307692,0.6,"labial","labial","high","front"
"Spanish","f6","f","pinza",17,2,"p","voiceless","pi","i",3,45,64.6153846153846,0.692307692307692,0.6,"labial","labial","high","front"
"Spanish","f6","f","pipas",16,2,"p","voiceless","pi","i",3,45,64.6153846153846,0.692307692307692,0.6,"labial","labial","high","front"
"Spanish","f6","f","pollo",20,2,"p","voiceless","po","o",3,45,64.6153846153846,0.692307692307692,0.6,"labial","labial","non-high","back"
"Spanish","f6","f","pua",29,2,"p","voiceless","pu","u",3,45,64.6153846153846,0.692307692307692,0.6,"labial","labial","high","back"
"Spanish","f6","f","pulpo",26,2,"p","voiceless","pu","u",3,45,64.6153846153846,0.692307692307692,0.6,"labial","labial","high","back"
"Spanish","f6","f","puno",24,2,"p","voiceless","pu","u",3,45,64.6153846153846,0.692307692307692,0.6,"labial","labial","high","back"
"Spanish","f6","f","puzle",22,2,"p","voiceless","pu","u",3,45,64.6153846153846,0.692307692307692,0.6,"labial","labial","high","back"
"Spanish","f6","f","tanque",18,2,"t","voiceless","ta","a",3,45,64.6153846153846,0.692307692307692,0.6,"coronal","coronal","non-high","back"
"Spanish","f6","f","tarro",13,2,"t","voiceless","ta","a",3,45,64.6153846153846,0.692307692307692,0.6,"coronal","coronal","non-high","back"
"Spanish","f6","f","taza",10,2,"t","voiceless","ta","a",3,45,64.6153846153846,0.692307692307692,0.6,"coronal","coronal","non-high","back"
"Spanish","f6","f","techo",16,2,"t","voiceless","te","e",3,45,64.6153846153846,0.692307692307692,0.6,"coronal","coronal","non-high","front"
"Spanish","f6","f","teja",15,2,"t","voiceless","te","e",3,45,64.6153846153846,0.692307692307692,0.6,"coronal","coronal","non-high","front"
"Spanish","f6","f","timbre",13,2,"t","voiceless","ti","i",3,45,64.6153846153846,0.692307692307692,0.6,"coronal","coronal","high","front"
"Spanish","f6","f","tiza",10,2,"t","voiceless","ti","i",3,45,64.6153846153846,0.692307692307692,0.6,"coronal","coronal","high","front"
"Spanish","f6","f","toro",21,2,"t","voiceless","to","o",3,45,64.6153846153846,0.692307692307692,0.6,"coronal","coronal","non-high","back"
"Spanish","f6","f","tubo",18,2,"t","voiceless","tu","u",3,45,64.6153846153846,0.692307692307692,0.6,"coronal","coronal","high","back"
"Spanish","f6","f","tumba",15,2,"t","voiceless","tu","u",3,45,64.6153846153846,0.692307692307692,0.6,"coronal","coronal","high","back"
"Basque","f6","f","bat",-32,1,"b","voiced","ba","a",3,45,64.6153846153846,0.692307692307692,0.6,"labial","labial","non-high","back"
"Basque","f6","f","begi",-62,2,"b","voiced","be","e",3,45,64.6153846153846,0.692307692307692,0.6,"labial","labial","non-high","front"
"Basque","f6","f","behi",-64,1,"b","voiced","be","e",3,45,64.6153846153846,0.692307692307692,0.6,"labial","labial","non-high","front"
"Basque","f6","f","beltz",-40,1,"b","voiced","be","e",3,45,64.6153846153846,0.692307692307692,0.6,"labial","labial","non-high","front"
"Basque","f6","f","berde",-49,2,"b","voiced","be","e",3,45,64.6153846153846,0.692307692307692,0.6,"labial","labial","non-high","front"
"Basque","f6","f","beso",-67,2,"b","voiced","be","e",3,45,64.6153846153846,0.692307692307692,0.6,"labial","labial","non-high","front"
"Basque","f6","f","bi",-72,1,"b","voiced","bi","i",3,45,64.6153846153846,0.692307692307692,0.6,"labial","labial","high","front"
"Basque","f6","f","bide",-50,2,"b","voiced","bi","i",3,45,64.6153846153846,0.692307692307692,0.6,"labial","labial","high","front"
"Basque","f6","f","bihotz",-88,1,"b","voiced","bi","i",3,45,64.6153846153846,0.692307692307692,0.6,"labial","labial","high","front"
"Basque","f6","f","bost",-47,1,"b","voiced","bo","o",3,45,64.6153846153846,0.692307692307692,0.6,"labial","labial","non-high","back"
"Basque","f6","f","dantza",-31,2,"d","voiced","da","a",3,45,64.6153846153846,0.692307692307692,0.6,"coronal","coronal","non-high","back"
"Basque","f6","f","dei",-53,1,"d","voiced","de","e",3,45,64.6153846153846,0.692307692307692,0.6,"coronal","coronal","non-high","front"
"Basque","f6","f","diru",-17,2,"d","voiced","di","i",3,45,64.6153846153846,0.692307692307692,0.6,"coronal","coronal","high","front"
"Basque","f6","f","done",-53,2,"d","voiced","do","o",3,45,64.6153846153846,0.692307692307692,0.6,"coronal","coronal","non-high","back"
"Basque","f6","f","donuts",-151,2,"d","voiced","do","o",3,45,64.6153846153846,0.692307692307692,0.6,"coronal","coronal","non-high","back"
"Basque","f6","f","dorre",-18,2,"d","voiced","do","o",3,45,64.6153846153846,0.692307692307692,0.6,"coronal","coronal","non-high","back"
"Basque","f6","f","dutxa",-80,2,"d","voiced","du","u",3,45,64.6153846153846,0.692307692307692,0.6,"coronal","coronal","high","back"
"Basque","f6","f","galtza",-27,2,"g","voiced","ga","a",3,45,64.6153846153846,0.692307692307692,0.6,"dorsal","dorsal","non-high","back"
"Basque","f6","f","ganba",-28,2,"g","voiced","ga","a",3,45,64.6153846153846,0.692307692307692,0.6,"dorsal","dorsal","non-high","back"
"Basque","f6","f","garbi",-27,2,"g","voiced","ga","a",3,45,64.6153846153846,0.692307692307692,0.6,"dorsal","dorsal","non-high","back"
"Basque","f6","f","gatz",-24,1,"g","voiced","ga","a",3,45,64.6153846153846,0.692307692307692,0.6,"dorsal","dorsal","non-high","back"
"Basque","f6","f","gazta",-18,2,"g","voiced","ga","a",3,45,64.6153846153846,0.692307692307692,0.6,"dorsal","dorsal","non-high","back"
"Basque","f6","f","gehi",-37,1,"g","voiced","ge","e",3,45,64.6153846153846,0.692307692307692,0.6,"dorsal","dorsal","non-high","front"
"Basque","f6","f","gela",-37,2,"g","voiced","ge","e",3,45,64.6153846153846,0.692307692307692,0.6,"dorsal","dorsal","non-high","front"
"Basque","f6","f","gezi",-50,2,"g","voiced","ge","e",3,45,64.6153846153846,0.692307692307692,0.6,"dorsal","dorsal","non-high","front"
"Basque","f6","f","giltza",-108,2,"g","voiced","gi","i",3,45,64.6153846153846,0.692307692307692,0.6,"dorsal","dorsal","high","front"
"Basque","f6","f","gorri",-59,2,"g","voiced","go","o",3,45,64.6153846153846,0.692307692307692,0.6,"dorsal","dorsal","non-high","back"
"Basque","f6","f","kanpo",11,2,"k","voiceless","ka","a",3,45,64.6153846153846,0.692307692307692,0.6,"dorsal","dorsal","non-high","back"
"Basque","f6","f","karga",28,2,"k","voiceless","ka","a",3,45,64.6153846153846,0.692307692307692,0.6,"dorsal","dorsal","non-high","back"
"Basque","f6","f","ke",37,1,"k","voiceless","ke","e",3,45,64.6153846153846,0.692307692307692,0.6,"dorsal","dorsal","non-high","front"
"Basque","f6","f","keinu",18,2,"k","voiceless","ke","e",3,45,64.6153846153846,0.692307692307692,0.6,"dorsal","dorsal","non-high","front"
"Basque","f6","f","ken",15,1,"k","voiceless","ke","e",3,45,64.6153846153846,0.692307692307692,0.6,"dorsal","dorsal","non-high","front"
"Basque","f6","f","koko",35,2,"k","voiceless","ko","o",3,45,64.6153846153846,0.692307692307692,0.6,"dorsal","dorsal","non-high","back"
"Basque","f6","f","kolpe",32,2,"k","voiceless","ko","o",3,45,64.6153846153846,0.692307692307692,0.6,"dorsal","dorsal","non-high","back"
"Basque","f6","f","kontu",39,2,"k","voiceless","ko","o",3,45,64.6153846153846,0.692307692307692,0.6,"dorsal","dorsal","non-high","back"
"Basque","f6","f","kopa",33,2,"k","voiceless","ko","o",3,45,64.6153846153846,0.692307692307692,0.6,"dorsal","dorsal","non-high","back"
"Basque","f6","f","kutxa",38,2,"k","voiceless","ku","u",3,45,64.6153846153846,0.692307692307692,0.6,"dorsal","dorsal","high","back"
"Basque","f6","f","pila",17,2,"p","voiceless","pi","i",3,45,64.6153846153846,0.692307692307692,0.6,"labial","labial","high","front"
"Basque","f6","f","pintxo",16,2,"p","voiceless","pi","i",3,45,64.6153846153846,0.692307692307692,0.6,"labial","labial","high","front"
"Basque","f6","f","pipa",22,2,"p","voiceless","pi","i",3,45,64.6153846153846,0.692307692307692,0.6,"labial","labial","high","front"
"Basque","f6","f","pisu",19,2,"p","voiceless","pi","i",3,45,64.6153846153846,0.692307692307692,0.6,"labial","labial","high","front"
"Basque","f6","f","porru",16,2,"p","voiceless","po","o",3,45,64.6153846153846,0.692307692307692,0.6,"labial","labial","non-high","back"
"Basque","f6","f","pultsu",24,2,"p","voiceless","pu","u",3,45,64.6153846153846,0.692307692307692,0.6,"labial","labial","high","back"
"Basque","f6","f","puma",14,2,"p","voiceless","pu","u",3,45,64.6153846153846,0.692307692307692,0.6,"labial","labial","high","back"
"Basque","f6","f","punta",25,2,"p","voiceless","pu","u",3,45,64.6153846153846,0.692307692307692,0.6,"labial","labial","high","back"
"Basque","f6","f","putz",13,1,"p","voiceless","pu","u",3,45,64.6153846153846,0.692307692307692,0.6,"labial","labial","high","back"
"Basque","f6","f","talde",8,2,"t","voiceless","ta","a",3,45,64.6153846153846,0.692307692307692,0.6,"coronal","coronal","non-high","back"
"Basque","f6","f","tanta",17,2,"t","voiceless","ta","a",3,45,64.6153846153846,0.692307692307692,0.6,"coronal","coronal","non-high","back"
"Basque","f6","f","tarta",22,2,"t","voiceless","ta","a",3,45,64.6153846153846,0.692307692307692,0.6,"coronal","coronal","non-high","back"
"Basque","f6","f","te",12,1,"t","voiceless","te","e",3,45,64.6153846153846,0.692307692307692,0.6,"coronal","coronal","non-high","front"
"Basque","f6","f","teila",13,2,"t","voiceless","te","e",3,45,64.6153846153846,0.692307692307692,0.6,"coronal","coronal","non-high","front"
"Basque","f6","f","tigre",14,2,"t","voiceless","ti","i",3,45,64.6153846153846,0.692307692307692,0.6,"coronal","coronal","high","front"
"Basque","f6","f","tinta",33,2,"t","voiceless","ti","i",3,45,64.6153846153846,0.692307692307692,0.6,"coronal","coronal","high","front"
"Basque","f6","f","tunel",19,2,"t","voiceless","tu","u",3,45,64.6153846153846,0.692307692307692,0.6,"coronal","coronal","high","back"
"Basque","m9","m","bat",-52,1,"b","voiced","ba","a",4,59,85.3846153846154,0.907692307692308,0.8,"labial","labial","non-high","back"
"Basque","m9","m","begi",-85,2,"b","voiced","be","e",4,59,85.3846153846154,0.907692307692308,0.8,"labial","labial","non-high","front"
"Basque","m9","m","behi",-80,1,"b","voiced","be","e",4,59,85.3846153846154,0.907692307692308,0.8,"labial","labial","non-high","front"
"Basque","m9","m","beltz",-31,1,"b","voiced","be","e",4,59,85.3846153846154,0.907692307692308,0.8,"labial","labial","non-high","front"
"Basque","m9","m","berde",-65,2,"b","voiced","be","e",4,59,85.3846153846154,0.907692307692308,0.8,"labial","labial","non-high","front"
"Basque","m9","m","beso",-60,2,"b","voiced","be","e",4,59,85.3846153846154,0.907692307692308,0.8,"labial","labial","non-high","front"
"Basque","m9","m","bi",-124,1,"b","voiced","bi","i",4,59,85.3846153846154,0.907692307692308,0.8,"labial","labial","high","front"
"Basque","m9","m","bide",-76,2,"b","voiced","bi","i",4,59,85.3846153846154,0.907692307692308,0.8,"labial","labial","high","front"
"Basque","m9","m","bihotz",-49,2,"b","voiced","bi","i",4,59,85.3846153846154,0.907692307692308,0.8,"labial","labial","high","front"
"Basque","m9","m","bost",-69,1,"b","voiced","bo","o",4,59,85.3846153846154,0.907692307692308,0.8,"labial","labial","non-high","back"
"Basque","m9","m","dantza",-54,2,"d","voiced","da","a",4,59,85.3846153846154,0.907692307692308,0.8,"coronal","coronal","non-high","back"
"Basque","m9","m","data",-65,2,"d","voiced","da","a",4,59,85.3846153846154,0.907692307692308,0.8,"coronal","coronal","non-high","back"
"Basque","m9","m","dei",-62,1,"d","voiced","de","e",4,59,85.3846153846154,0.907692307692308,0.8,"coronal","coronal","non-high","front"
"Basque","m9","m","denda",-34,2,"d","voiced","de","e",4,59,85.3846153846154,0.907692307692308,0.8,"coronal","coronal","non-high","front"
"Basque","m9","m","diru",-69,2,"d","voiced","di","i",4,59,85.3846153846154,0.907692307692308,0.8,"coronal","coronal","high","front"
"Basque","m9","m","done",-98,2,"d","voiced","do","o",4,59,85.3846153846154,0.907692307692308,0.8,"coronal","coronal","non-high","back"
"Basque","m9","m","donuts",-36,2,"d","voiced","do","o",4,59,85.3846153846154,0.907692307692308,0.8,"coronal","coronal","non-high","back"
"Basque","m9","m","dorre",-77,2,"d","voiced","do","o",4,59,85.3846153846154,0.907692307692308,0.8,"coronal","coronal","non-high","back"
"Basque","m9","m","dutxa",-56,2,"d","voiced","du","u",4,59,85.3846153846154,0.907692307692308,0.8,"coronal","coronal","high","back"
"Basque","m9","m","galtza",-24,2,"g","voiced","ga","a",4,59,85.3846153846154,0.907692307692308,0.8,"dorsal","dorsal","non-high","back"
"Basque","m9","m","ganba",-26,2,"g","voiced","ga","a",4,59,85.3846153846154,0.907692307692308,0.8,"dorsal","dorsal","non-high","back"
"Basque","m9","m","garbi",-46,2,"g","voiced","ga","a",4,59,85.3846153846154,0.907692307692308,0.8,"dorsal","dorsal","non-high","back"
"Basque","m9","m","gatz",-89,1,"g","voiced","ga","a",4,59,85.3846153846154,0.907692307692308,0.8,"dorsal","dorsal","non-high","back"
"Basque","m9","m","gazta",-44,2,"g","voiced","ga","a",4,59,85.3846153846154,0.907692307692308,0.8,"dorsal","dorsal","non-high","back"
"Basque","m9","m","gehi",-59,1,"g","voiced","ge","e",4,59,85.3846153846154,0.907692307692308,0.8,"dorsal","dorsal","non-high","front"
"Basque","m9","m","gela",-77,2,"g","voiced","ge","e",4,59,85.3846153846154,0.907692307692308,0.8,"dorsal","dorsal","non-high","front"
"Basque","m9","m","gezi",-58,2,"g","voiced","ge","e",4,59,85.3846153846154,0.907692307692308,0.8,"dorsal","dorsal","non-high","front"
"Basque","m9","m","giltza",-53,2,"g","voiced","gi","i",4,59,85.3846153846154,0.907692307692308,0.8,"dorsal","dorsal","high","front"
"Basque","m9","m","gorri",-60,2,"g","voiced","go","o",4,59,85.3846153846154,0.907692307692308,0.8,"dorsal","dorsal","non-high","back"
"Basque","m9","m","kanpo",22,2,"k","voiceless","ka","a",4,59,85.3846153846154,0.907692307692308,0.8,"dorsal","dorsal","non-high","back"
"Basque","m9","m","karga",21,2,"k","voiceless","ka","a",4,59,85.3846153846154,0.907692307692308,0.8,"dorsal","dorsal","non-high","back"
"Basque","m9","m","ke",29,1,"k","voiceless","ke","e",4,59,85.3846153846154,0.907692307692308,0.8,"dorsal","dorsal","non-high","front"
"Basque","m9","m","keinu",21,2,"k","voiceless","ke","e",4,59,85.3846153846154,0.907692307692308,0.8,"dorsal","dorsal","non-high","front"
"Basque","m9","m","ken",21,1,"k","voiceless","ke","e",4,59,85.3846153846154,0.907692307692308,0.8,"dorsal","dorsal","non-high","front"
"Basque","m9","m","koko",22,2,"k","voiceless","ko","o",4,59,85.3846153846154,0.907692307692308,0.8,"dorsal","dorsal","non-high","back"
"Basque","m9","m","kolpe",14,2,"k","voiceless","ko","o",4,59,85.3846153846154,0.907692307692308,0.8,"dorsal","dorsal","non-high","back"
"Basque","m9","m","kontu",21,2,"k","voiceless","ko","o",4,59,85.3846153846154,0.907692307692308,0.8,"dorsal","dorsal","non-high","back"
"Basque","m9","m","kopa",31,2,"k","voiceless","ko","o",4,59,85.3846153846154,0.907692307692308,0.8,"dorsal","dorsal","non-high","back"
"Basque","m9","m","kutxa",22,2,"k","voiceless","ku","u",4,59,85.3846153846154,0.907692307692308,0.8,"dorsal","dorsal","high","back"
"Basque","m9","m","pila",17,2,"p","voiceless","pi","i",4,59,85.3846153846154,0.907692307692308,0.8,"labial","labial","high","front"
"Basque","m9","m","pintxo",13,2,"p","voiceless","pi","i",4,59,85.3846153846154,0.907692307692308,0.8,"labial","labial","high","front"
"Basque","m9","m","pipa",14,2,"p","voiceless","pi","i",4,59,85.3846153846154,0.907692307692308,0.8,"labial","labial","high","front"
"Basque","m9","m","pisu",16,2,"p","voiceless","pi","i",4,59,85.3846153846154,0.907692307692308,0.8,"labial","labial","high","front"
"Basque","m9","m","porru",16,2,"p","voiceless","po","o",4,59,85.3846153846154,0.907692307692308,0.8,"labial","labial","non-high","back"
"Basque","m9","m","pultsu",28,2,"p","voiceless","pu","u",4,59,85.3846153846154,0.907692307692308,0.8,"labial","labial","high","back"
"Basque","m9","m","puma",13,2,"p","voiceless","pu","u",4,59,85.3846153846154,0.907692307692308,0.8,"labial","labial","high","back"
"Basque","m9","m","punta",29,2,"p","voiceless","pu","u",4,59,85.3846153846154,0.907692307692308,0.8,"labial","labial","high","back"
"Basque","m9","m","putre",15,2,"p","voiceless","pu","u",4,59,85.3846153846154,0.907692307692308,0.8,"labial","labial","high","back"
"Basque","m9","m","putz",19,1,"p","voiceless","pu","u",4,59,85.3846153846154,0.907692307692308,0.8,"labial","labial","high","back"
"Basque","m9","m","talde",13,2,"t","voiceless","ta","a",4,59,85.3846153846154,0.907692307692308,0.8,"coronal","coronal","non-high","back"
"Basque","m9","m","tanta",15,2,"t","voiceless","ta","a",4,59,85.3846153846154,0.907692307692308,0.8,"coronal","coronal","non-high","back"
"Basque","m9","m","tanto",12,2,"t","voiceless","ta","a",4,59,85.3846153846154,0.907692307692308,0.8,"coronal","coronal","non-high","back"
"Basque","m9","m","tarta",13,2,"t","voiceless","ta","a",4,59,85.3846153846154,0.907692307692308,0.8,"coronal","coronal","non-high","back"
"Basque","m9","m","te",24,1,"t","voiceless","te","e",4,59,85.3846153846154,0.907692307692308,0.8,"coronal","coronal","non-high","front"
"Basque","m9","m","teila",13,2,"t","voiceless","te","e",4,59,85.3846153846154,0.907692307692308,0.8,"coronal","coronal","non-high","front"
"Basque","m9","m","tigre",14,2,"t","voiceless","ti","i",4,59,85.3846153846154,0.907692307692308,0.8,"coronal","coronal","high","front"
"Basque","m9","m","tinta",15,2,"t","voiceless","ti","i",4,59,85.3846153846154,0.907692307692308,0.8,"coronal","coronal","high","front"
"Basque","m9","m","tunel",26,2,"t","voiceless","tu","u",4,59,85.3846153846154,0.907692307692308,0.8,"coronal","coronal","high","back"
"Spanish","m9","m","barba",-106,2,"b","voiced","ba","a",4,59,85.3846153846154,0.907692307692308,0.8,"labial","labial","non-high","back"
"Spanish","m9","m","barca",-28,2,"b","voiced","ba","a",4,59,85.3846153846154,0.907692307692308,0.8,"labial","labial","non-high","back"
"Spanish","m9","m","bata",-95,2,"b","voiced","ba","a",4,59,85.3846153846154,0.907692307692308,0.8,"labial","labial","non-high","back"
"Spanish","m9","m","bici",-53,2,"b","voiced","bi","i",4,59,85.3846153846154,0.907692307692308,0.8,"labial","labial","high","front"
"Spanish","m9","m","boca",-85,2,"b","voiced","bo","o",4,59,85.3846153846154,0.907692307692308,0.8,"labial","labial","non-high","back"
"Spanish","m9","m","bolsa",-64,2,"b","voiced","bo","o",4,59,85.3846153846154,0.907692307692308,0.8,"labial","labial","non-high","back"
"Spanish","m9","m","bolso",-116,2,"b","voiced","bo","o",4,59,85.3846153846154,0.907692307692308,0.8,"labial","labial","non-high","back"
"Spanish","m9","m","bosque",-38,2,"b","voiced","bo","o",4,59,85.3846153846154,0.907692307692308,0.8,"labial","labial","non-high","back"
"Spanish","m9","m","buho",-119,2,"b","voiced","bu","u",4,59,85.3846153846154,0.907692307692308,0.8,"labial","labial","high","back"
"Spanish","m9","m","cabra",20,2,"k","voiceless","ka","a",4,59,85.3846153846154,0.907692307692308,0.8,"dorsal","dorsal","non-high","back"
"Spanish","m9","m","calvo",38,2,"k","voiceless","ka","a",4,59,85.3846153846154,0.907692307692308,0.8,"dorsal","dorsal","non-high","back"
"Spanish","m9","m","cama",22,2,"k","voiceless","ka","a",4,59,85.3846153846154,0.907692307692308,0.8,"dorsal","dorsal","non-high","back"
"Spanish","m9","m","carcel",30,2,"k","voiceless","ka","a",4,59,85.3846153846154,0.907692307692308,0.8,"dorsal","dorsal","non-high","back"
"Spanish","m9","m","carne",24,2,"k","voiceless","ka","a",4,59,85.3846153846154,0.907692307692308,0.8,"dorsal","dorsal","non-high","back"
"Spanish","m9","m","carro",34,2,"k","voiceless","ka","a",4,59,85.3846153846154,0.907692307692308,0.8,"dorsal","dorsal","non-high","back"
"Spanish","m9","m","carta",23,2,"k","voiceless","ka","a",4,59,85.3846153846154,0.907692307692308,0.8,"dorsal","dorsal","non-high","back"
"Spanish","m9","m","casa",25,2,"k","voiceless","ka","a",4,59,85.3846153846154,0.907692307692308,0.8,"dorsal","dorsal","non-high","back"
"Spanish","m9","m","codo",42,2,"k","voiceless","ko","o",4,59,85.3846153846154,0.907692307692308,0.8,"dorsal","dorsal","non-high","back"
"Spanish","m9","m","culo",30,2,"k","voiceless","ku","u",4,59,85.3846153846154,0.907692307692308,0.8,"dorsal","dorsal","high","back"
"Spanish","m9","m","dado",-87,2,"d","voiced","da","a",4,59,85.3846153846154,0.907692307692308,0.8,"coronal","coronal","non-high","back"
"Spanish","m9","m","dardo",-79,2,"d","voiced","da","a",4,59,85.3846153846154,0.907692307692308,0.8,"coronal","coronal","non-high","back"
"Spanish","m9","m","dedo",-68,2,"d","voiced","de","e",4,59,85.3846153846154,0.907692307692308,0.8,"coronal","coronal","non-high","front"
"Spanish","m9","m","dia",-93,2,"d","voiced","di","i",4,59,85.3846153846154,0.907692307692308,0.8,"coronal","coronal","high","front"
"Spanish","m9","m","doble",-89,2,"d","voiced","do","o",4,59,85.3846153846154,0.907692307692308,0.8,"coronal","coronal","non-high","back"
"Spanish","m9","m","doce",-24,2,"d","voiced","do","o",4,59,85.3846153846154,0.907692307692308,0.8,"coronal","coronal","non-high","back"
"Spanish","m9","m","dulces",-52,2,"d","voiced","du","u",4,59,85.3846153846154,0.907692307692308,0.8,"coronal","coronal","high","back"
"Spanish","m9","m","duro",-80,2,"d","voiced","du","u",4,59,85.3846153846154,0.907692307692308,0.8,"coronal","coronal","high","back"
"Spanish","m9","m","gafas",-66,2,"g","voiced","ga","a",4,59,85.3846153846154,0.907692307692308,0.8,"dorsal","dorsal","non-high","back"
"Spanish","m9","m","gallo",-54,2,"g","voiced","ga","a",4,59,85.3846153846154,0.907692307692308,0.8,"dorsal","dorsal","non-high","back"
"Spanish","m9","m","garra",-68,2,"g","voiced","ga","a",4,59,85.3846153846154,0.907692307692308,0.8,"dorsal","dorsal","non-high","back"
"Spanish","m9","m","gato",-73,2,"g","voiced","ga","a",4,59,85.3846153846154,0.907692307692308,0.8,"dorsal","dorsal","non-high","back"
"Spanish","m9","m","golf",-84,1,"g","voiced","go","o",4,59,85.3846153846154,0.907692307692308,0.8,"dorsal","dorsal","non-high","back"
"Spanish","m9","m","golpe",-73,2,"g","voiced","go","o",4,59,85.3846153846154,0.907692307692308,0.8,"dorsal","dorsal","non-high","back"
"Spanish","m9","m","gordo",-43,2,"g","voiced","go","o",4,59,85.3846153846154,0.907692307692308,0.8,"dorsal","dorsal","non-high","back"
"Spanish","m9","m","gorra",-60,2,"g","voiced","go","o",4,59,85.3846153846154,0.907692307692308,0.8,"dorsal","dorsal","non-high","back"
"Spanish","m9","m","gota",-57,2,"g","voiced","go","o",4,59,85.3846153846154,0.907692307692308,0.8,"dorsal","dorsal","non-high","back"
"Spanish","m9","m","pico",14,2,"p","voiceless","pi","i",4,59,85.3846153846154,0.907692307692308,0.8,"labial","labial","high","front"
"Spanish","m9","m","pina",12,2,"p","voiceless","pi","i",4,59,85.3846153846154,0.907692307692308,0.8,"labial","labial","high","front"
"Spanish","m9","m","pino",10,2,"p","voiceless","pi","i",4,59,85.3846153846154,0.907692307692308,0.8,"labial","labial","high","front"
"Spanish","m9","m","pinza",17,2,"p","voiceless","pi","i",4,59,85.3846153846154,0.907692307692308,0.8,"labial","labial","high","front"
"Spanish","m9","m","pipas",13,2,"p","voiceless","pi","i",4,59,85.3846153846154,0.907692307692308,0.8,"labial","labial","high","front"
"Spanish","m9","m","pollo",13,2,"p","voiceless","po","o",4,59,85.3846153846154,0.907692307692308,0.8,"labial","labial","non-high","back"
"Spanish","m9","m","pua",15,2,"p","voiceless","pu","u",4,59,85.3846153846154,0.907692307692308,0.8,"labial","labial","high","back"
"Spanish","m9","m","pulpo",23,2,"p","voiceless","pu","u",4,59,85.3846153846154,0.907692307692308,0.8,"labial","labial","high","back"
"Spanish","m9","m","puno",23,2,"p","voiceless","pu","u",4,59,85.3846153846154,0.907692307692308,0.8,"labial","labial","high","back"
"Spanish","m9","m","puzle",23,2,"p","voiceless","pu","u",4,59,85.3846153846154,0.907692307692308,0.8,"labial","labial","high","back"
"Spanish","m9","m","tanque",13,2,"t","voiceless","ta","a",4,59,85.3846153846154,0.907692307692308,0.8,"coronal","coronal","non-high","back"
"Spanish","m9","m","tarro",12,2,"t","voiceless","ta","a",4,59,85.3846153846154,0.907692307692308,0.8,"coronal","coronal","non-high","back"
"Spanish","m9","m","taza",11,2,"t","voiceless","ta","a",4,59,85.3846153846154,0.907692307692308,0.8,"coronal","coronal","non-high","back"
"Spanish","m9","m","techo",10,2,"t","voiceless","te","e",4,59,85.3846153846154,0.907692307692308,0.8,"coronal","coronal","non-high","front"
"Spanish","m9","m","teja",13,2,"t","voiceless","te","e",4,59,85.3846153846154,0.907692307692308,0.8,"coronal","coronal","non-high","front"
"Spanish","m9","m","timbre",13,2,"t","voiceless","ti","i",4,59,85.3846153846154,0.907692307692308,0.8,"coronal","coronal","high","front"
"Spanish","m9","m","tiza",14,2,"t","voiceless","ti","i",4,59,85.3846153846154,0.907692307692308,0.8,"coronal","coronal","high","front"
"Spanish","m9","m","toro",12,2,"t","voiceless","to","o",4,59,85.3846153846154,0.907692307692308,0.8,"coronal","coronal","non-high","back"
"Spanish","m9","m","tubo",21,2,"t","voiceless","tu","u",4,59,85.3846153846154,0.907692307692308,0.8,"coronal","coronal","high","back"
"Spanish","m9","m","tumba",13,2,"t","voiceless","tu","u",4,59,85.3846153846154,0.907692307692308,0.8,"coronal","coronal","high","back"
"Spanish","m3","m","barba",-41,2,"b","voiced","ba","a",3,51,69.2307692307692,0.784615384615385,0.6,"labial","labial","non-high","back"
"Spanish","m3","m","barca",-35,2,"b","voiced","ba","a",3,51,69.2307692307692,0.784615384615385,0.6,"labial","labial","non-high","back"
"Spanish","m3","m","bata",-104,2,"b","voiced","ba","a",3,51,69.2307692307692,0.784615384615385,0.6,"labial","labial","non-high","back"
"Spanish","m3","m","bici",-164,2,"b","voiced","bi","i",3,51,69.2307692307692,0.784615384615385,0.6,"labial","labial","high","front"
"Spanish","m3","m","boca",-121,2,"b","voiced","bo","o",3,51,69.2307692307692,0.784615384615385,0.6,"labial","labial","non-high","back"
"Spanish","m3","m","bolsa",-104,2,"b","voiced","bo","o",3,51,69.2307692307692,0.784615384615385,0.6,"labial","labial","non-high","back"
"Spanish","m3","m","bolso",-26,2,"b","voiced","bo","o",3,51,69.2307692307692,0.784615384615385,0.6,"labial","labial","non-high","back"
"Spanish","m3","m","bosque",-66,2,"b","voiced","bo","o",3,51,69.2307692307692,0.784615384615385,0.6,"labial","labial","non-high","back"
"Spanish","m3","m","buho",-124,2,"b","voiced","bu","u",3,51,69.2307692307692,0.784615384615385,0.6,"labial","labial","high","back"
"Spanish","m3","m","burro",-80,2,"b","voiced","bu","u",3,51,69.2307692307692,0.784615384615385,0.6,"labial","labial","high","back"
"Spanish","m3","m","cabra",31,2,"k","voiceless","ka","a",3,51,69.2307692307692,0.784615384615385,0.6,"dorsal","dorsal","non-high","back"
"Spanish","m3","m","calvo",29,2,"k","voiceless","ka","a",3,51,69.2307692307692,0.784615384615385,0.6,"dorsal","dorsal","non-high","back"
"Spanish","m3","m","cama",28,2,"k","voiceless","ka","a",3,51,69.2307692307692,0.784615384615385,0.6,"dorsal","dorsal","non-high","back"
"Spanish","m3","m","carcel",39,2,"k","voiceless","ka","a",3,51,69.2307692307692,0.784615384615385,0.6,"dorsal","dorsal","non-high","back"
"Spanish","m3","m","carne",29,2,"k","voiceless","ka","a",3,51,69.2307692307692,0.784615384615385,0.6,"dorsal","dorsal","non-high","back"
"Spanish","m3","m","carro",29,2,"k","voiceless","ka","a",3,51,69.2307692307692,0.784615384615385,0.6,"dorsal","dorsal","non-high","back"
"Spanish","m3","m","carta",24,2,"k","voiceless","ka","a",3,51,69.2307692307692,0.784615384615385,0.6,"dorsal","dorsal","non-high","back"
"Spanish","m3","m","casa",33,2,"k","voiceless","ka","a",3,51,69.2307692307692,0.784615384615385,0.6,"dorsal","dorsal","non-high","back"
"Spanish","m3","m","codo",40,2,"k","voiceless","ko","o",3,51,69.2307692307692,0.784615384615385,0.6,"dorsal","dorsal","non-high","back"
"Spanish","m3","m","culo",50,2,"k","voiceless","ku","u",3,51,69.2307692307692,0.784615384615385,0.6,"dorsal","dorsal","high","back"
"Spanish","m3","m","dado",-148,2,"d","voiced","da","a",3,51,69.2307692307692,0.784615384615385,0.6,"coronal","coronal","non-high","back"
"Spanish","m3","m","danza",-40,2,"d","voiced","da","a",3,51,69.2307692307692,0.784615384615385,0.6,"coronal","coronal","non-high","back"
"Spanish","m3","m","dardo",-52,2,"d","voiced","da","a",3,51,69.2307692307692,0.784615384615385,0.6,"coronal","coronal","non-high","back"
"Spanish","m3","m","dedo",-116,2,"d","voiced","de","e",3,51,69.2307692307692,0.784615384615385,0.6,"coronal","coronal","non-high","front"
"Spanish","m3","m","dia",-176,2,"d","voiced","di","i",3,51,69.2307692307692,0.784615384615385,0.6,"coronal","coronal","high","front"
"Spanish","m3","m","doble",-66,2,"d","voiced","do","o",3,51,69.2307692307692,0.784615384615385,0.6,"coronal","coronal","non-high","back"
"Spanish","m3","m","doce",-44,2,"d","voiced","do","o",3,51,69.2307692307692,0.784615384615385,0.6,"coronal","coronal","non-high","back"
"Spanish","m3","m","dos",-52,1,"d","voiced","do","o",3,51,69.2307692307692,0.784615384615385,0.6,"coronal","coronal","non-high","back"
"Spanish","m3","m","dulces",-60,2,"d","voiced","du","u",3,51,69.2307692307692,0.784615384615385,0.6,"coronal","coronal","high","back"
"Spanish","m3","m","duro",-207,2,"d","voiced","du","u",3,51,69.2307692307692,0.784615384615385,0.6,"coronal","coronal","high","back"
"Spanish","m3","m","gafas",-35,2,"g","voiced","ga","a",3,51,69.2307692307692,0.784615384615385,0.6,"dorsal","dorsal","non-high","back"
"Spanish","m3","m","gallo",-58,2,"g","voiced","ga","a",3,51,69.2307692307692,0.784615384615385,0.6,"dorsal","dorsal","non-high","back"
"Spanish","m3","m","garra",-23,2,"g","voiced","ga","a",3,51,69.2307692307692,0.784615384615385,0.6,"dorsal","dorsal","non-high","back"
"Spanish","m3","m","gato",-112,2,"g","voiced","ga","a",3,51,69.2307692307692,0.784615384615385,0.6,"dorsal","dorsal","non-high","back"
"Spanish","m3","m","golf",-109,1,"g","voiced","go","o",3,51,69.2307692307692,0.784615384615385,0.6,"dorsal","dorsal","non-high","back"
"Spanish","m3","m","golpe",-29,2,"g","voiced","go","o",3,51,69.2307692307692,0.784615384615385,0.6,"dorsal","dorsal","non-high","back"
"Spanish","m3","m","gordo",-108,2,"g","voiced","go","o",3,51,69.2307692307692,0.784615384615385,0.6,"dorsal","dorsal","non-high","back"
"Spanish","m3","m","gorra",-36,2,"g","voiced","go","o",3,51,69.2307692307692,0.784615384615385,0.6,"dorsal","dorsal","non-high","back"
"Spanish","m3","m","gota",-99,2,"g","voiced","go","o",3,51,69.2307692307692,0.784615384615385,0.6,"dorsal","dorsal","non-high","back"
"Spanish","m3","m","guino",-126,2,"g","voiced","gu","u",3,51,69.2307692307692,0.784615384615385,0.6,"dorsal","dorsal","high","back"
"Spanish","m3","m","pico",8,2,"p","voiceless","pi","i",3,51,69.2307692307692,0.784615384615385,0.6,"labial","labial","high","front"
"Spanish","m3","m","pina",8,2,"p","voiceless","pi","i",3,51,69.2307692307692,0.784615384615385,0.6,"labial","labial","high","front"
"Spanish","m3","m","pino",7,2,"p","voiceless","pi","i",3,51,69.2307692307692,0.784615384615385,0.6,"labial","labial","high","front"
"Spanish","m3","m","pinza",14,2,"p","voiceless","pi","i",3,51,69.2307692307692,0.784615384615385,0.6,"labial","labial","high","front"
"Spanish","m3","m","pipas",10,2,"p","voiceless","pi","i",3,51,69.2307692307692,0.784615384615385,0.6,"labial","labial","high","front"
"Spanish","m3","m","pollo",35,2,"p","voiceless","po","o",3,51,69.2307692307692,0.784615384615385,0.6,"labial","labial","non-high","back"
"Spanish","m3","m","pua",15,2,"p","voiceless","pu","u",3,51,69.2307692307692,0.784615384615385,0.6,"labial","labial","high","back"
"Spanish","m3","m","pulpo",32,2,"p","voiceless","pu","u",3,51,69.2307692307692,0.784615384615385,0.6,"labial","labial","high","back"
"Spanish","m3","m","puno",23,2,"p","voiceless","pu","u",3,51,69.2307692307692,0.784615384615385,0.6,"labial","labial","high","back"
"Spanish","m3","m","puzle",16,2,"p","voiceless","pu","u",3,51,69.2307692307692,0.784615384615385,0.6,"labial","labial","high","back"
"Spanish","m3","m","tanque",11,2,"t","voiceless","ta","a",3,51,69.2307692307692,0.784615384615385,0.6,"coronal","coronal","non-high","back"
"Spanish","m3","m","tarro",10,2,"t","voiceless","ta","a",3,51,69.2307692307692,0.784615384615385,0.6,"coronal","coronal","non-high","back"
"Spanish","m3","m","taza",19,2,"t","voiceless","ta","a",3,51,69.2307692307692,0.784615384615385,0.6,"coronal","coronal","non-high","back"
"Spanish","m3","m","techo",10,2,"t","voiceless","te","e",3,51,69.2307692307692,0.784615384615385,0.6,"coronal","coronal","non-high","front"
"Spanish","m3","m","teja",11,2,"t","voiceless","te","e",3,51,69.2307692307692,0.784615384615385,0.6,"coronal","coronal","non-high","front"
"Spanish","m3","m","timbre",30,2,"t","voiceless","ti","i",3,51,69.2307692307692,0.784615384615385,0.6,"coronal","coronal","high","front"
"Spanish","m3","m","tiza",19,2,"t","voiceless","ti","i",3,51,69.2307692307692,0.784615384615385,0.6,"coronal","coronal","high","front"
"Spanish","m3","m","toro",10,2,"t","voiceless","to","o",3,51,69.2307692307692,0.784615384615385,0.6,"coronal","coronal","non-high","back"
"Spanish","m3","m","tubo",24,2,"t","voiceless","tu","u",3,51,69.2307692307692,0.784615384615385,0.6,"coronal","coronal","high","back"
"Spanish","m3","m","tumba",12,2,"t","voiceless","tu","u",3,51,69.2307692307692,0.784615384615385,0.6,"coronal","coronal","high","back"
"Basque","m3","m","bat",-27,1,"b","voiced","ba","a",3,51,69.2307692307692,0.784615384615385,0.6,"labial","labial","non-high","back"
"Basque","m3","m","begi",-116,2,"b","voiced","be","e",3,51,69.2307692307692,0.784615384615385,0.6,"labial","labial","non-high","front"
"Basque","m3","m","behi",-107,1,"b","voiced","be","e",3,51,69.2307692307692,0.784615384615385,0.6,"labial","labial","non-high","front"
"Basque","m3","m","beltz",-69,1,"b","voiced","be","e",3,51,69.2307692307692,0.784615384615385,0.6,"labial","labial","non-high","front"
"Basque","m3","m","berde",-59,2,"b","voiced","be","e",3,51,69.2307692307692,0.784615384615385,0.6,"labial","labial","non-high","front"
"Basque","m3","m","beso",-105,2,"b","voiced","be","e",3,51,69.2307692307692,0.784615384615385,0.6,"labial","labial","non-high","front"
"Basque","m3","m","bi",-65,1,"b","voiced","bi","i",3,51,69.2307692307692,0.784615384615385,0.6,"labial","labial","high","front"
"Basque","m3","m","bihotz",-117,1,"b","voiced","bi","i",3,51,69.2307692307692,0.784615384615385,0.6,"labial","labial","high","front"
"Basque","m3","m","bost",-57,1,"b","voiced","bo","o",3,51,69.2307692307692,0.784615384615385,0.6,"labial","labial","non-high","back"
"Basque","m3","m","dantza",-59,2,"d","voiced","da","a",3,51,69.2307692307692,0.784615384615385,0.6,"coronal","coronal","non-high","back"
"Basque","m3","m","data",-99,2,"d","voiced","da","a",3,51,69.2307692307692,0.784615384615385,0.6,"coronal","coronal","non-high","back"
"Basque","m3","m","dei",-108,1,"d","voiced","de","e",3,51,69.2307692307692,0.784615384615385,0.6,"coronal","coronal","non-high","front"
"Basque","m3","m","denda",-52,2,"d","voiced","de","e",3,51,69.2307692307692,0.784615384615385,0.6,"coronal","coronal","non-high","front"
"Basque","m3","m","dike",-56,2,"d","voiced","di","i",3,51,69.2307692307692,0.784615384615385,0.6,"coronal","coronal","high","front"
"Basque","m3","m","diru",-59,2,"d","voiced","di","i",3,51,69.2307692307692,0.784615384615385,0.6,"coronal","coronal","high","front"
"Basque","m3","m","done",-121,2,"d","voiced","do","o",3,51,69.2307692307692,0.784615384615385,0.6,"coronal","coronal","non-high","back"
"Basque","m3","m","donuts",-53,2,"d","voiced","do","o",3,51,69.2307692307692,0.784615384615385,0.6,"coronal","coronal","non-high","back"
"Basque","m3","m","dorre",-64,2,"d","voiced","do","o",3,51,69.2307692307692,0.784615384615385,0.6,"coronal","coronal","non-high","back"
"Basque","m3","m","dutxa",-30,2,"d","voiced","du","u",3,51,69.2307692307692,0.784615384615385,0.6,"coronal","coronal","high","back"
"Basque","m3","m","galtza",-44,2,"g","voiced","ga","a",3,51,69.2307692307692,0.784615384615385,0.6,"dorsal","dorsal","non-high","back"
"Basque","m3","m","ganba",-30,2,"g","voiced","ga","a",3,51,69.2307692307692,0.784615384615385,0.6,"dorsal","dorsal","non-high","back"
"Basque","m3","m","garbi",-50,2,"g","voiced","ga","a",3,51,69.2307692307692,0.784615384615385,0.6,"dorsal","dorsal","non-high","back"
"Basque","m3","m","gatz",-58,1,"g","voiced","ga","a",3,51,69.2307692307692,0.784615384615385,0.6,"dorsal","dorsal","non-high","back"
"Basque","m3","m","gazta",-55,2,"g","voiced","ga","a",3,51,69.2307692307692,0.784615384615385,0.6,"dorsal","dorsal","non-high","back"
"Basque","m3","m","gehi",-98,1,"g","voiced","ge","e",3,51,69.2307692307692,0.784615384615385,0.6,"dorsal","dorsal","non-high","front"
"Basque","m3","m","gela",-93,2,"g","voiced","ge","e",3,51,69.2307692307692,0.784615384615385,0.6,"dorsal","dorsal","non-high","front"
"Basque","m3","m","gezi",-80,2,"g","voiced","ge","e",3,51,69.2307692307692,0.784615384615385,0.6,"dorsal","dorsal","non-high","front"
"Basque","m3","m","giltza",-36,2,"g","voiced","gi","i",3,51,69.2307692307692,0.784615384615385,0.6,"dorsal","dorsal","high","front"
"Basque","m3","m","gorri",-130,2,"g","voiced","go","o",3,51,69.2307692307692,0.784615384615385,0.6,"dorsal","dorsal","non-high","back"
"Basque","m3","m","kanpo",20,2,"k","voiceless","ka","a",3,51,69.2307692307692,0.784615384615385,0.6,"dorsal","dorsal","non-high","back"
"Basque","m3","m","karga",22,2,"k","voiceless","ka","a",3,51,69.2307692307692,0.784615384615385,0.6,"dorsal","dorsal","non-high","back"
"Basque","m3","m","ke",32,1,"k","voiceless","ke","e",3,51,69.2307692307692,0.784615384615385,0.6,"dorsal","dorsal","non-high","front"
"Basque","m3","m","keinu",14,2,"k","voiceless","ke","e",3,51,69.2307692307692,0.784615384615385,0.6,"dorsal","dorsal","non-high","front"
"Basque","m3","m","ken",20,1,"k","voiceless","ke","e",3,51,69.2307692307692,0.784615384615385,0.6,"dorsal","dorsal","non-high","front"
"Basque","m3","m","koko",31,2,"k","voiceless","ko","o",3,51,69.2307692307692,0.784615384615385,0.6,"dorsal","dorsal","non-high","back"
"Basque","m3","m","kolpe",35,2,"k","voiceless","ko","o",3,51,69.2307692307692,0.784615384615385,0.6,"dorsal","dorsal","non-high","back"
"Basque","m3","m","kontu",18,2,"k","voiceless","ko","o",3,51,69.2307692307692,0.784615384615385,0.6,"dorsal","dorsal","non-high","back"
"Basque","m3","m","kopa",26,2,"k","voiceless","ko","o",3,51,69.2307692307692,0.784615384615385,0.6,"dorsal","dorsal","non-high","back"
"Basque","m3","m","kutxa",43,2,"k","voiceless","ku","u",3,51,69.2307692307692,0.784615384615385,0.6,"dorsal","dorsal","high","back"
"Basque","m3","m","pila",14,2,"p","voiceless","pi","i",3,51,69.2307692307692,0.784615384615385,0.6,"labial","labial","high","front"
"Basque","m3","m","pintxo",8,2,"p","voiceless","pi","i",3,51,69.2307692307692,0.784615384615385,0.6,"labial","labial","high","front"
"Basque","m3","m","pipa",10,2,"p","voiceless","pi","i",3,51,69.2307692307692,0.784615384615385,0.6,"labial","labial","high","front"
"Basque","m3","m","pisu",11,2,"p","voiceless","pi","i",3,51,69.2307692307692,0.784615384615385,0.6,"labial","labial","high","front"
"Basque","m3","m","porru",14,2,"p","voiceless","po","o",3,51,69.2307692307692,0.784615384615385,0.6,"labial","labial","non-high","back"
"Basque","m3","m","pultsu",12,2,"p","voiceless","pu","u",3,51,69.2307692307692,0.784615384615385,0.6,"labial","labial","high","back"
"Basque","m3","m","puma",20,2,"p","voiceless","pu","u",3,51,69.2307692307692,0.784615384615385,0.6,"labial","labial","high","back"
"Basque","m3","m","punta",18,2,"p","voiceless","pu","u",3,51,69.2307692307692,0.784615384615385,0.6,"labial","labial","high","back"
"Basque","m3","m","putre",23,2,"p","voiceless","pu","u",3,51,69.2307692307692,0.784615384615385,0.6,"labial","labial","high","back"
"Basque","m3","m","putz",8,1,"p","voiceless","pu","u",3,51,69.2307692307692,0.784615384615385,0.6,"labial","labial","high","back"
"Basque","m3","m","talde",14,2,"t","voiceless","ta","a",3,51,69.2307692307692,0.784615384615385,0.6,"coronal","coronal","non-high","back"
"Basque","m3","m","tanta",10,2,"t","voiceless","ta","a",3,51,69.2307692307692,0.784615384615385,0.6,"coronal","coronal","non-high","back"
"Basque","m3","m","tanto",17,2,"t","voiceless","ta","a",3,51,69.2307692307692,0.784615384615385,0.6,"coronal","coronal","non-high","back"
"Basque","m3","m","tarta",13,2,"t","voiceless","ta","a",3,51,69.2307692307692,0.784615384615385,0.6,"coronal","coronal","non-high","back"
"Basque","m3","m","te",11,1,"t","voiceless","te","e",3,51,69.2307692307692,0.784615384615385,0.6,"coronal","coronal","non-high","front"
"Basque","m3","m","teila",16,2,"t","voiceless","te","e",3,51,69.2307692307692,0.784615384615385,0.6,"coronal","coronal","non-high","front"
"Basque","m3","m","tigre",28,2,"t","voiceless","ti","i",3,51,69.2307692307692,0.784615384615385,0.6,"coronal","coronal","high","front"
"Basque","m3","m","tinta",24,2,"t","voiceless","ti","i",3,51,69.2307692307692,0.784615384615385,0.6,"coronal","coronal","high","front"
"Basque","m3","m","tunel",26,2,"t","voiceless","tu","u",3,51,69.2307692307692,0.784615384615385,0.6,"coronal","coronal","high","back"
"Basque","m3","m","tutu",12,2,"t","voiceless","tu","u",3,51,69.2307692307692,0.784615384615385,0.6,"coronal","coronal","high","back"
"Basque","m10","m","bat",-67,1,"b","voiced","ba","a",3,47,66.1538461538461,0.723076923076923,0.6,"labial","labial","non-high","back"
"Basque","m10","m","begi",-118,2,"b","voiced","be","e",3,47,66.1538461538461,0.723076923076923,0.6,"labial","labial","non-high","front"
"Basque","m10","m","behi",-109,1,"b","voiced","be","e",3,47,66.1538461538461,0.723076923076923,0.6,"labial","labial","non-high","front"
"Basque","m10","m","beltz",-119,1,"b","voiced","be","e",3,47,66.1538461538461,0.723076923076923,0.6,"labial","labial","non-high","front"
"Basque","m10","m","berde",-67,2,"b","voiced","be","e",3,47,66.1538461538461,0.723076923076923,0.6,"labial","labial","non-high","front"
"Basque","m10","m","beso",-57,2,"b","voiced","be","e",3,47,66.1538461538461,0.723076923076923,0.6,"labial","labial","non-high","front"
"Basque","m10","m","bi",-79,1,"b","voiced","bi","i",3,47,66.1538461538461,0.723076923076923,0.6,"labial","labial","high","front"
"Basque","m10","m","bide",-124,2,"b","voiced","bi","i",3,47,66.1538461538461,0.723076923076923,0.6,"labial","labial","high","front"
"Basque","m10","m","bihotz",-78,2,"b","voiced","bi","i",3,47,66.1538461538461,0.723076923076923,0.6,"labial","labial","high","front"
"Basque","m10","m","bost",-65,1,"b","voiced","bo","o",3,47,66.1538461538461,0.723076923076923,0.6,"labial","labial","non-high","back"
"Basque","m10","m","dantza",-47,2,"d","voiced","da","a",3,47,66.1538461538461,0.723076923076923,0.6,"coronal","coronal","non-high","back"
"Basque","m10","m","data",-138,2,"d","voiced","da","a",3,47,66.1538461538461,0.723076923076923,0.6,"coronal","coronal","non-high","back"
"Basque","m10","m","dei",-121,1,"d","voiced","de","e",3,47,66.1538461538461,0.723076923076923,0.6,"coronal","coronal","non-high","front"
"Basque","m10","m","denda",-112,2,"d","voiced","de","e",3,47,66.1538461538461,0.723076923076923,0.6,"coronal","coronal","non-high","front"
"Basque","m10","m","dike",-116,2,"d","voiced","di","i",3,47,66.1538461538461,0.723076923076923,0.6,"coronal","coronal","high","front"
"Basque","m10","m","diru",-142,2,"d","voiced","di","i",3,47,66.1538461538461,0.723076923076923,0.6,"coronal","coronal","high","front"
"Basque","m10","m","donuts",-148,2,"d","voiced","do","o",3,47,66.1538461538461,0.723076923076923,0.6,"coronal","coronal","non-high","back"
"Basque","m10","m","dorre",-106,2,"d","voiced","do","o",3,47,66.1538461538461,0.723076923076923,0.6,"coronal","coronal","non-high","back"
"Basque","m10","m","dutxa",-111,2,"d","voiced","du","u",3,47,66.1538461538461,0.723076923076923,0.6,"coronal","coronal","high","back"
"Basque","m10","m","galtza",-72,2,"g","voiced","ga","a",3,47,66.1538461538461,0.723076923076923,0.6,"dorsal","dorsal","non-high","back"
"Basque","m10","m","ganba",-76,2,"g","voiced","ga","a",3,47,66.1538461538461,0.723076923076923,0.6,"dorsal","dorsal","non-high","back"
"Basque","m10","m","garbi",-57,2,"g","voiced","ga","a",3,47,66.1538461538461,0.723076923076923,0.6,"dorsal","dorsal","non-high","back"
"Basque","m10","m","gazta",-31,2,"g","voiced","ga","a",3,47,66.1538461538461,0.723076923076923,0.6,"dorsal","dorsal","non-high","back"
"Basque","m10","m","gehi",-131,1,"g","voiced","ge","e",3,47,66.1538461538461,0.723076923076923,0.6,"dorsal","dorsal","non-high","front"
"Basque","m10","m","gela",-77,2,"g","voiced","ge","e",3,47,66.1538461538461,0.723076923076923,0.6,"dorsal","dorsal","non-high","front"
"Basque","m10","m","gezi",-45,2,"g","voiced","ge","e",3,47,66.1538461538461,0.723076923076923,0.6,"dorsal","dorsal","non-high","front"
"Basque","m10","m","giltza",-79,2,"g","voiced","gi","i",3,47,66.1538461538461,0.723076923076923,0.6,"dorsal","dorsal","high","front"
"Basque","m10","m","kanpo",28,2,"k","voiceless","ka","a",3,47,66.1538461538461,0.723076923076923,0.6,"dorsal","dorsal","non-high","back"
"Basque","m10","m","karga",27,2,"k","voiceless","ka","a",3,47,66.1538461538461,0.723076923076923,0.6,"dorsal","dorsal","non-high","back"
"Basque","m10","m","ke",28,1,"k","voiceless","ke","e",3,47,66.1538461538461,0.723076923076923,0.6,"dorsal","dorsal","non-high","front"
"Basque","m10","m","keinu",22,2,"k","voiceless","ke","e",3,47,66.1538461538461,0.723076923076923,0.6,"dorsal","dorsal","non-high","front"
"Basque","m10","m","ken",31,1,"k","voiceless","ke","e",3,47,66.1538461538461,0.723076923076923,0.6,"dorsal","dorsal","non-high","front"
"Basque","m10","m","koko",24,2,"k","voiceless","ko","o",3,47,66.1538461538461,0.723076923076923,0.6,"dorsal","dorsal","non-high","back"
"Basque","m10","m","kolpe",29,2,"k","voiceless","ko","o",3,47,66.1538461538461,0.723076923076923,0.6,"dorsal","dorsal","non-high","back"
"Basque","m10","m","kontu",21,2,"k","voiceless","ko","o",3,47,66.1538461538461,0.723076923076923,0.6,"dorsal","dorsal","non-high","back"
"Basque","m10","m","kopa",20,2,"k","voiceless","ko","o",3,47,66.1538461538461,0.723076923076923,0.6,"dorsal","dorsal","non-high","back"
"Basque","m10","m","kutxa",28,2,"k","voiceless","ku","u",3,47,66.1538461538461,0.723076923076923,0.6,"dorsal","dorsal","high","back"
"Basque","m10","m","pila",25,2,"p","voiceless","pi","i",3,47,66.1538461538461,0.723076923076923,0.6,"labial","labial","high","front"
"Basque","m10","m","pintxo",14,2,"p","voiceless","pi","i",3,47,66.1538461538461,0.723076923076923,0.6,"labial","labial","high","front"
"Basque","m10","m","pipa",14,2,"p","voiceless","pi","i",3,47,66.1538461538461,0.723076923076923,0.6,"labial","labial","high","front"
"Basque","m10","m","pisu",11,2,"p","voiceless","pi","i",3,47,66.1538461538461,0.723076923076923,0.6,"labial","labial","high","front"
"Basque","m10","m","porru",21,2,"p","voiceless","po","o",3,47,66.1538461538461,0.723076923076923,0.6,"labial","labial","non-high","back"
"Basque","m10","m","pultsu",39,2,"p","voiceless","pu","u",3,47,66.1538461538461,0.723076923076923,0.6,"labial","labial","high","back"
"Basque","m10","m","puma",20,2,"p","voiceless","pu","u",3,47,66.1538461538461,0.723076923076923,0.6,"labial","labial","high","back"
"Basque","m10","m","punta",36,2,"p","voiceless","pu","u",3,47,66.1538461538461,0.723076923076923,0.6,"labial","labial","high","back"
"Basque","m10","m","putre",17,2,"p","voiceless","pu","u",3,47,66.1538461538461,0.723076923076923,0.6,"labial","labial","high","back"
"Basque","m10","m","putz",24,1,"p","voiceless","pu","u",3,47,66.1538461538461,0.723076923076923,0.6,"labial","labial","high","back"
"Basque","m10","m","talde",19,2,"t","voiceless","ta","a",3,47,66.1538461538461,0.723076923076923,0.6,"coronal","coronal","non-high","back"
"Basque","m10","m","tanta",20,2,"t","voiceless","ta","a",3,47,66.1538461538461,0.723076923076923,0.6,"coronal","coronal","non-high","back"
"Basque","m10","m","tanto",18,2,"t","voiceless","ta","a",3,47,66.1538461538461,0.723076923076923,0.6,"coronal","coronal","non-high","back"
"Basque","m10","m","tarta",14,2,"t","voiceless","ta","a",3,47,66.1538461538461,0.723076923076923,0.6,"coronal","coronal","non-high","back"
"Basque","m10","m","te",11,1,"t","voiceless","te","e",3,47,66.1538461538461,0.723076923076923,0.6,"coronal","coronal","non-high","front"
"Basque","m10","m","teila",16,2,"t","voiceless","te","e",3,47,66.1538461538461,0.723076923076923,0.6,"coronal","coronal","non-high","front"
"Basque","m10","m","tigre",20,2,"t","voiceless","ti","i",3,47,66.1538461538461,0.723076923076923,0.6,"coronal","coronal","high","front"
"Basque","m10","m","tinta",32,2,"t","voiceless","ti","i",3,47,66.1538461538461,0.723076923076923,0.6,"coronal","coronal","high","front"
"Basque","m10","m","tunel",14,2,"t","voiceless","tu","u",3,47,66.1538461538461,0.723076923076923,0.6,"coronal","coronal","high","back"
"Basque","m10","m","tutu",22,2,"t","voiceless","tu","u",3,47,66.1538461538461,0.723076923076923,0.6,"coronal","coronal","high","back"
"Spanish","m10","m","barba",-121,2,"b","voiced","ba","a",3,47,66.1538461538461,0.723076923076923,0.6,"labial","labial","non-high","back"
"Spanish","m10","m","barca",-110,2,"b","voiced","ba","a",3,47,66.1538461538461,0.723076923076923,0.6,"labial","labial","non-high","back"
"Spanish","m10","m","bata",-106,2,"b","voiced","ba","a",3,47,66.1538461538461,0.723076923076923,0.6,"labial","labial","non-high","back"
"Spanish","m10","m","bici",-132,2,"b","voiced","bi","i",3,47,66.1538461538461,0.723076923076923,0.6,"labial","labial","high","front"
"Spanish","m10","m","boca",-119,2,"b","voiced","bo","o",3,47,66.1538461538461,0.723076923076923,0.6,"labial","labial","non-high","back"
"Spanish","m10","m","bolsa",-84,2,"b","voiced","bo","o",3,47,66.1538461538461,0.723076923076923,0.6,"labial","labial","non-high","back"
"Spanish","m10","m","bosque",-102,2,"b","voiced","bo","o",3,47,66.1538461538461,0.723076923076923,0.6,"labial","labial","non-high","back"
"Spanish","m10","m","buho",-148,2,"b","voiced","bu","u",3,47,66.1538461538461,0.723076923076923,0.6,"labial","labial","high","back"
"Spanish","m10","m","burro",-45,2,"b","voiced","bu","u",3,47,66.1538461538461,0.723076923076923,0.6,"labial","labial","high","back"
"Spanish","m10","m","cabra",47,2,"k","voiceless","ka","a",3,47,66.1538461538461,0.723076923076923,0.6,"dorsal","dorsal","non-high","back"
"Spanish","m10","m","calvo",25,2,"k","voiceless","ka","a",3,47,66.1538461538461,0.723076923076923,0.6,"dorsal","dorsal","non-high","back"
"Spanish","m10","m","cama",36,2,"k","voiceless","ka","a",3,47,66.1538461538461,0.723076923076923,0.6,"dorsal","dorsal","non-high","back"
"Spanish","m10","m","carcel",23,2,"k","voiceless","ka","a",3,47,66.1538461538461,0.723076923076923,0.6,"dorsal","dorsal","non-high","back"
"Spanish","m10","m","carne",21,2,"k","voiceless","ka","a",3,47,66.1538461538461,0.723076923076923,0.6,"dorsal","dorsal","non-high","back"
"Spanish","m10","m","carro",28,2,"k","voiceless","ka","a",3,47,66.1538461538461,0.723076923076923,0.6,"dorsal","dorsal","non-high","back"
"Spanish","m10","m","carta",30,2,"k","voiceless","ka","a",3,47,66.1538461538461,0.723076923076923,0.6,"dorsal","dorsal","non-high","back"
"Spanish","m10","m","casa",20,2,"k","voiceless","ka","a",3,47,66.1538461538461,0.723076923076923,0.6,"dorsal","dorsal","non-high","back"
"Spanish","m10","m","codo",47,2,"k","voiceless","ko","o",3,47,66.1538461538461,0.723076923076923,0.6,"dorsal","dorsal","non-high","back"
"Spanish","m10","m","culo",35,2,"k","voiceless","ku","u",3,47,66.1538461538461,0.723076923076923,0.6,"dorsal","dorsal","high","back"
"Spanish","m10","m","dado",-90,2,"d","voiced","da","a",3,47,66.1538461538461,0.723076923076923,0.6,"coronal","coronal","non-high","back"
"Spanish","m10","m","danza",-95,2,"d","voiced","da","a",3,47,66.1538461538461,0.723076923076923,0.6,"coronal","coronal","non-high","back"
"Spanish","m10","m","dardo",-130,2,"d","voiced","da","a",3,47,66.1538461538461,0.723076923076923,0.6,"coronal","coronal","non-high","back"
"Spanish","m10","m","dedo",-119,2,"d","voiced","de","e",3,47,66.1538461538461,0.723076923076923,0.6,"coronal","coronal","non-high","front"
"Spanish","m10","m","dia",-107,2,"d","voiced","di","i",3,47,66.1538461538461,0.723076923076923,0.6,"coronal","coronal","high","front"
"Spanish","m10","m","doble",-103,2,"d","voiced","do","o",3,47,66.1538461538461,0.723076923076923,0.6,"coronal","coronal","non-high","back"
"Spanish","m10","m","doce",-85,2,"d","voiced","do","o",3,47,66.1538461538461,0.723076923076923,0.6,"coronal","coronal","non-high","back"
"Spanish","m10","m","dos",-119,1,"d","voiced","do","o",3,47,66.1538461538461,0.723076923076923,0.6,"coronal","coronal","non-high","back"
"Spanish","m10","m","dulces",-66,2,"d","voiced","du","u",3,47,66.1538461538461,0.723076923076923,0.6,"coronal","coronal","high","back"
"Spanish","m10","m","duro",-72,2,"d","voiced","du","u",3,47,66.1538461538461,0.723076923076923,0.6,"coronal","coronal","high","back"
"Spanish","m10","m","gafas",-109,2,"g","voiced","ga","a",3,47,66.1538461538461,0.723076923076923,0.6,"dorsal","dorsal","non-high","back"
"Spanish","m10","m","gallo",-73,2,"g","voiced","ga","a",3,47,66.1538461538461,0.723076923076923,0.6,"dorsal","dorsal","non-high","back"
"Spanish","m10","m","garra",-98,2,"g","voiced","ga","a",3,47,66.1538461538461,0.723076923076923,0.6,"dorsal","dorsal","non-high","back"
"Spanish","m10","m","gato",-51,2,"g","voiced","ga","a",3,47,66.1538461538461,0.723076923076923,0.6,"dorsal","dorsal","non-high","back"
"Spanish","m10","m","golf",-94,1,"g","voiced","go","o",3,47,66.1538461538461,0.723076923076923,0.6,"dorsal","dorsal","non-high","back"
"Spanish","m10","m","golpe",-53,2,"g","voiced","go","o",3,47,66.1538461538461,0.723076923076923,0.6,"dorsal","dorsal","non-high","back"
"Spanish","m10","m","gordo",-95,2,"g","voiced","go","o",3,47,66.1538461538461,0.723076923076923,0.6,"dorsal","dorsal","non-high","back"
"Spanish","m10","m","gorra",-84,2,"g","voiced","go","o",3,47,66.1538461538461,0.723076923076923,0.6,"dorsal","dorsal","non-high","back"
"Spanish","m10","m","gota",-65,2,"g","voiced","go","o",3,47,66.1538461538461,0.723076923076923,0.6,"dorsal","dorsal","non-high","back"
"Spanish","m10","m","guino",-80,2,"g","voiced","gu","u",3,47,66.1538461538461,0.723076923076923,0.6,"dorsal","dorsal","high","back"
"Spanish","m10","m","pico",12,2,"p","voiceless","pi","i",3,47,66.1538461538461,0.723076923076923,0.6,"labial","labial","high","front"
"Spanish","m10","m","pina",15,2,"p","voiceless","pi","i",3,47,66.1538461538461,0.723076923076923,0.6,"labial","labial","high","front"
"Spanish","m10","m","pino",15,2,"p","voiceless","pi","i",3,47,66.1538461538461,0.723076923076923,0.6,"labial","labial","high","front"
"Spanish","m10","m","pinza",17,2,"p","voiceless","pi","i",3,47,66.1538461538461,0.723076923076923,0.6,"labial","labial","high","front"
"Spanish","m10","m","pipas",19,2,"p","voiceless","pi","i",3,47,66.1538461538461,0.723076923076923,0.6,"labial","labial","high","front"
"Spanish","m10","m","pollo",22,2,"p","voiceless","po","o",3,47,66.1538461538461,0.723076923076923,0.6,"labial","labial","non-high","back"
"Spanish","m10","m","pua",21,2,"p","voiceless","pu","u",3,47,66.1538461538461,0.723076923076923,0.6,"labial","labial","high","back"
"Spanish","m10","m","pulpo",22,2,"p","voiceless","pu","u",3,47,66.1538461538461,0.723076923076923,0.6,"labial","labial","high","back"
"Spanish","m10","m","puno",14,2,"p","voiceless","pu","u",3,47,66.1538461538461,0.723076923076923,0.6,"labial","labial","high","back"
"Spanish","m10","m","puzle",21,2,"p","voiceless","pu","u",3,47,66.1538461538461,0.723076923076923,0.6,"labial","labial","high","back"
"Spanish","m10","m","tanque",15,2,"t","voiceless","ta","a",3,47,66.1538461538461,0.723076923076923,0.6,"coronal","coronal","non-high","back"
"Spanish","m10","m","tarro",23,2,"t","voiceless","ta","a",3,47,66.1538461538461,0.723076923076923,0.6,"coronal","coronal","non-high","back"
"Spanish","m10","m","taza",16,2,"t","voiceless","ta","a",3,47,66.1538461538461,0.723076923076923,0.6,"coronal","coronal","non-high","back"
"Spanish","m10","m","techo",17,2,"t","voiceless","te","e",3,47,66.1538461538461,0.723076923076923,0.6,"coronal","coronal","non-high","front"
"Spanish","m10","m","teja",33,2,"t","voiceless","te","e",3,47,66.1538461538461,0.723076923076923,0.6,"coronal","coronal","non-high","front"
"Spanish","m10","m","timbre",21,2,"t","voiceless","ti","i",3,47,66.1538461538461,0.723076923076923,0.6,"coronal","coronal","high","front"
"Spanish","m10","m","tiza",15,2,"t","voiceless","ti","i",3,47,66.1538461538461,0.723076923076923,0.6,"coronal","coronal","high","front"
"Spanish","m10","m","toro",14,2,"t","voiceless","to","o",3,47,66.1538461538461,0.723076923076923,0.6,"coronal","coronal","non-high","back"
"Spanish","m10","m","tubo",19,2,"t","voiceless","tu","u",3,47,66.1538461538461,0.723076923076923,0.6,"coronal","coronal","high","back"
"Spanish","m10","m","tumba",16,2,"t","voiceless","tu","u",3,47,66.1538461538461,0.723076923076923,0.6,"coronal","coronal","high","back"
"Spanish","f9","f","barba",-65,2,"b","voiced","ba","a",4,52,80,0.8,0.8,"labial","labial","non-high","back"
"Spanish","f9","f","barca",-40,2,"b","voiced","ba","a",4,52,80,0.8,0.8,"labial","labial","non-high","back"
"Spanish","f9","f","bata",-64,2,"b","voiced","ba","a",4,52,80,0.8,0.8,"labial","labial","non-high","back"
"Spanish","f9","f","bici",-94,2,"b","voiced","bi","i",4,52,80,0.8,0.8,"labial","labial","high","front"
"Spanish","f9","f","boca",-63,2,"b","voiced","bo","o",4,52,80,0.8,0.8,"labial","labial","non-high","back"
"Spanish","f9","f","bolsa",-62,2,"b","voiced","bo","o",4,52,80,0.8,0.8,"labial","labial","non-high","back"
"Spanish","f9","f","bolso",-56,2,"b","voiced","bo","o",4,52,80,0.8,0.8,"labial","labial","non-high","back"
"Spanish","f9","f","bosque",-62,2,"b","voiced","bo","o",4,52,80,0.8,0.8,"labial","labial","non-high","back"
"Spanish","f9","f","buho",-94,2,"b","voiced","bu","u",4,52,80,0.8,0.8,"labial","labial","high","back"
"Spanish","f9","f","burro",-68,2,"b","voiced","bu","u",4,52,80,0.8,0.8,"labial","labial","high","back"
"Spanish","f9","f","cabra",16,2,"k","voiceless","ka","a",4,52,80,0.8,0.8,"dorsal","dorsal","non-high","back"
"Spanish","f9","f","calvo",20,2,"k","voiceless","ka","a",4,52,80,0.8,0.8,"dorsal","dorsal","non-high","back"
"Spanish","f9","f","cama",19,2,"k","voiceless","ka","a",4,52,80,0.8,0.8,"dorsal","dorsal","non-high","back"
"Spanish","f9","f","carcel",22,2,"k","voiceless","ka","a",4,52,80,0.8,0.8,"dorsal","dorsal","non-high","back"
"Spanish","f9","f","carne",22,2,"k","voiceless","ka","a",4,52,80,0.8,0.8,"dorsal","dorsal","non-high","back"
"Spanish","f9","f","carro",17,2,"k","voiceless","ka","a",4,52,80,0.8,0.8,"dorsal","dorsal","non-high","back"
"Spanish","f9","f","carta",19,2,"k","voiceless","ka","a",4,52,80,0.8,0.8,"dorsal","dorsal","non-high","back"
"Spanish","f9","f","casa",21,2,"k","voiceless","ka","a",4,52,80,0.8,0.8,"dorsal","dorsal","non-high","back"
"Spanish","f9","f","codo",28,2,"k","voiceless","ko","o",4,52,80,0.8,0.8,"dorsal","dorsal","non-high","back"
"Spanish","f9","f","culo",29,2,"k","voiceless","ku","u",4,52,80,0.8,0.8,"dorsal","dorsal","high","back"
"Spanish","f9","f","dado",-62,2,"d","voiced","da","a",4,52,80,0.8,0.8,"coronal","coronal","non-high","back"
"Spanish","f9","f","danza",-35,2,"d","voiced","da","a",4,52,80,0.8,0.8,"coronal","coronal","non-high","back"
"Spanish","f9","f","dardo",-90,2,"d","voiced","da","a",4,52,80,0.8,0.8,"coronal","coronal","non-high","back"
"Spanish","f9","f","dedo",-69,2,"d","voiced","de","e",4,52,80,0.8,0.8,"coronal","coronal","non-high","front"
"Spanish","f9","f","dia",-85,2,"d","voiced","di","i",4,52,80,0.8,0.8,"coronal","coronal","high","front"
"Spanish","f9","f","doble",-59,2,"d","voiced","do","o",4,52,80,0.8,0.8,"coronal","coronal","non-high","back"
"Spanish","f9","f","doce",-59,2,"d","voiced","do","o",4,52,80,0.8,0.8,"coronal","coronal","non-high","back"
"Spanish","f9","f","dos",-71,1,"d","voiced","do","o",4,52,80,0.8,0.8,"coronal","coronal","non-high","back"
"Spanish","f9","f","dulces",-29,2,"d","voiced","du","u",4,52,80,0.8,0.8,"coronal","coronal","high","back"
"Spanish","f9","f","duro",-69,2,"d","voiced","du","u",4,52,80,0.8,0.8,"coronal","coronal","high","back"
"Spanish","f9","f","gafas",-82,2,"g","voiced","ga","a",4,52,80,0.8,0.8,"dorsal","dorsal","non-high","back"
"Spanish","f9","f","gallo",-40,2,"g","voiced","ga","a",4,52,80,0.8,0.8,"dorsal","dorsal","non-high","back"
"Spanish","f9","f","garra",-51,2,"g","voiced","ga","a",4,52,80,0.8,0.8,"dorsal","dorsal","non-high","back"
"Spanish","f9","f","golf",-50,1,"g","voiced","go","o",4,52,80,0.8,0.8,"dorsal","dorsal","non-high","back"
"Spanish","f9","f","golpe",-50,2,"g","voiced","go","o",4,52,80,0.8,0.8,"dorsal","dorsal","non-high","back"
"Spanish","f9","f","gorra",-75,2,"g","voiced","go","o",4,52,80,0.8,0.8,"dorsal","dorsal","non-high","back"
"Spanish","f9","f","gota",-66,2,"g","voiced","go","o",4,52,80,0.8,0.8,"dorsal","dorsal","non-high","back"
"Spanish","f9","f","guino",-60,2,"g","voiced","gu","u",4,52,80,0.8,0.8,"dorsal","dorsal","high","back"
"Spanish","f9","f","gordo",-77,2,"g","voiced","go","o",4,52,80,0.8,0.8,"dorsal","dorsal","non-high","back"
"Spanish","f9","f","pico",7,2,"p","voiceless","pi","i",4,52,80,0.8,0.8,"labial","labial","high","front"
"Spanish","f9","f","pina",13,2,"p","voiceless","pi","i",4,52,80,0.8,0.8,"labial","labial","high","front"
"Spanish","f9","f","pino",7,2,"p","voiceless","pi","i",4,52,80,0.8,0.8,"labial","labial","high","front"
"Spanish","f9","f","pinza",7,2,"p","voiceless","pi","i",4,52,80,0.8,0.8,"labial","labial","high","front"
"Spanish","f9","f","pipas",7,2,"p","voiceless","pi","i",4,52,80,0.8,0.8,"labial","labial","high","front"
"Spanish","f9","f","pollo",17,2,"p","voiceless","po","o",4,52,80,0.8,0.8,"labial","labial","non-high","back"
"Spanish","f9","f","pua",14,2,"p","voiceless","pu","u",4,52,80,0.8,0.8,"labial","labial","high","back"
"Spanish","f9","f","pulpo",20,2,"p","voiceless","pu","u",4,52,80,0.8,0.8,"labial","labial","high","back"
"Spanish","f9","f","puno",14,2,"p","voiceless","pu","u",4,52,80,0.8,0.8,"labial","labial","high","back"
"Spanish","f9","f","puzle",15,2,"p","voiceless","pu","u",4,52,80,0.8,0.8,"labial","labial","high","back"
"Spanish","f9","f","tanque",12,2,"t","voiceless","ta","a",4,52,80,0.8,0.8,"coronal","coronal","non-high","back"
"Spanish","f9","f","tarro",10,2,"t","voiceless","ta","a",4,52,80,0.8,0.8,"coronal","coronal","non-high","back"
"Spanish","f9","f","taza",10,2,"t","voiceless","ta","a",4,52,80,0.8,0.8,"coronal","coronal","non-high","back"
"Spanish","f9","f","techo",8,2,"t","voiceless","te","e",4,52,80,0.8,0.8,"coronal","coronal","non-high","front"
"Spanish","f9","f","teja",14,2,"t","voiceless","te","e",4,52,80,0.8,0.8,"coronal","coronal","non-high","front"
"Spanish","f9","f","timbre",15,2,"t","voiceless","ti","i",4,52,80,0.8,0.8,"coronal","coronal","high","front"
"Spanish","f9","f","tiza",16,2,"t","voiceless","ti","i",4,52,80,0.8,0.8,"coronal","coronal","high","front"
"Spanish","f9","f","toro",10,2,"t","voiceless","to","o",4,52,80,0.8,0.8,"coronal","coronal","non-high","back"
"Spanish","f9","f","tubo",13,2,"t","voiceless","tu","u",4,52,80,0.8,0.8,"coronal","coronal","high","back"
"Spanish","f9","f","tumba",15,2,"t","voiceless","tu","u",4,52,80,0.8,0.8,"coronal","coronal","high","back"
"Basque","f9","f","bat",-65,1,"b","voiced","ba","a",4,52,80,0.8,0.8,"labial","labial","non-high","back"
"Basque","f9","f","begi",-94,2,"b","voiced","be","e",4,52,80,0.8,0.8,"labial","labial","non-high","front"
"Basque","f9","f","behi",-154,1,"b","voiced","be","e",4,52,80,0.8,0.8,"labial","labial","non-high","front"
"Basque","f9","f","beltz",-43,1,"b","voiced","be","e",4,52,80,0.8,0.8,"labial","labial","non-high","front"
"Basque","f9","f","berde",-44,2,"b","voiced","be","e",4,52,80,0.8,0.8,"labial","labial","non-high","front"
"Basque","f9","f","beso",-130,2,"b","voiced","be","e",4,52,80,0.8,0.8,"labial","labial","non-high","front"
"Basque","f9","f","bi",-67,1,"b","voiced","bi","i",4,52,80,0.8,0.8,"labial","labial","high","front"
"Basque","f9","f","bide",-88,2,"b","voiced","bi","i",4,52,80,0.8,0.8,"labial","labial","high","front"
"Basque","f9","f","bihotz",-71,1,"b","voiced","bi","i",4,52,80,0.8,0.8,"labial","labial","high","front"
"Basque","f9","f","bost",-43,1,"b","voiced","bo","o",4,52,80,0.8,0.8,"labial","labial","non-high","back"
"Basque","f9","f","dantza",-51,2,"d","voiced","da","a",4,52,80,0.8,0.8,"coronal","coronal","non-high","back"
"Basque","f9","f","data",-48,2,"d","voiced","da","a",4,52,80,0.8,0.8,"coronal","coronal","non-high","back"
"Basque","f9","f","dei",-70,1,"d","voiced","de","e",4,52,80,0.8,0.8,"coronal","coronal","non-high","front"
"Basque","f9","f","denda",-62,2,"d","voiced","de","e",4,52,80,0.8,0.8,"coronal","coronal","non-high","front"
"Basque","f9","f","diru",-55,2,"d","voiced","di","i",4,52,80,0.8,0.8,"coronal","coronal","high","front"
"Basque","f9","f","done",-60,2,"d","voiced","do","o",4,52,80,0.8,0.8,"coronal","coronal","non-high","back"
"Basque","f9","f","donuts",-60,2,"d","voiced","do","o",4,52,80,0.8,0.8,"coronal","coronal","non-high","back"
"Basque","f9","f","dorre",-76,2,"d","voiced","do","o",4,52,80,0.8,0.8,"coronal","coronal","non-high","back"
"Basque","f9","f","dutxa",-48,2,"d","voiced","du","u",4,52,80,0.8,0.8,"coronal","coronal","high","back"
"Basque","f9","f","galtza",-61,2,"g","voiced","ga","a",4,52,80,0.8,0.8,"dorsal","dorsal","non-high","back"
"Basque","f9","f","ganba",-45,2,"g","voiced","ga","a",4,52,80,0.8,0.8,"dorsal","dorsal","non-high","back"
"Basque","f9","f","garbi",-33,2,"g","voiced","ga","a",4,52,80,0.8,0.8,"dorsal","dorsal","non-high","back"
"Basque","f9","f","gazta",-57,2,"g","voiced","ga","a",4,52,80,0.8,0.8,"dorsal","dorsal","non-high","back"
"Basque","f9","f","gehi",-55,1,"g","voiced","ge","e",4,52,80,0.8,0.8,"dorsal","dorsal","non-high","front"
"Basque","f9","f","gela",-68,2,"g","voiced","ge","e",4,52,80,0.8,0.8,"dorsal","dorsal","non-high","front"
"Basque","f9","f","gezi",-48,2,"g","voiced","ge","e",4,52,80,0.8,0.8,"dorsal","dorsal","non-high","front"
"Basque","f9","f","giltza",-37,2,"g","voiced","gi","i",4,52,80,0.8,0.8,"dorsal","dorsal","high","front"
"Basque","f9","f","gorri",-79,2,"g","voiced","go","o",4,52,80,0.8,0.8,"dorsal","dorsal","non-high","back"
"Basque","f9","f","kanpo",21,2,"k","voiceless","ka","a",4,52,80,0.8,0.8,"dorsal","dorsal","non-high","back"
"Basque","f9","f","karga",24,2,"k","voiceless","ka","a",4,52,80,0.8,0.8,"dorsal","dorsal","non-high","back"
"Basque","f9","f","ke",23,1,"k","voiceless","ke","e",4,52,80,0.8,0.8,"dorsal","dorsal","non-high","front"
"Basque","f9","f","keinu",15,2,"k","voiceless","ke","e",4,52,80,0.8,0.8,"dorsal","dorsal","non-high","front"
"Basque","f9","f","ken",30,1,"k","voiceless","ke","e",4,52,80,0.8,0.8,"dorsal","dorsal","non-high","front"
"Basque","f9","f","koko",37,2,"k","voiceless","ko","o",4,52,80,0.8,0.8,"dorsal","dorsal","non-high","back"
"Basque","f9","f","kolpe",24,2,"k","voiceless","ko","o",4,52,80,0.8,0.8,"dorsal","dorsal","non-high","back"
"Basque","f9","f","kontu",22,2,"k","voiceless","ko","o",4,52,80,0.8,0.8,"dorsal","dorsal","non-high","back"
"Basque","f9","f","kopa",24,2,"k","voiceless","ko","o",4,52,80,0.8,0.8,"dorsal","dorsal","non-high","back"
"Basque","f9","f","kutxa",32,2,"k","voiceless","ku","u",4,52,80,0.8,0.8,"dorsal","dorsal","high","back"
"Basque","f9","f","pila",7,2,"p","voiceless","pi","i",4,52,80,0.8,0.8,"labial","labial","high","front"
"Basque","f9","f","pintxo",14,2,"p","voiceless","pi","i",4,52,80,0.8,0.8,"labial","labial","high","front"
"Basque","f9","f","pipa",6,2,"p","voiceless","pi","i",4,52,80,0.8,0.8,"labial","labial","high","front"
"Basque","f9","f","pisu",12,2,"p","voiceless","pi","i",4,52,80,0.8,0.8,"labial","labial","high","front"
"Basque","f9","f","porru",14,2,"p","voiceless","po","o",4,52,80,0.8,0.8,"labial","labial","non-high","back"
"Basque","f9","f","pultsu",15,2,"p","voiceless","pu","u",4,52,80,0.8,0.8,"labial","labial","high","back"
"Basque","f9","f","puma",15,2,"p","voiceless","pu","u",4,52,80,0.8,0.8,"labial","labial","high","back"
"Basque","f9","f","punta",21,2,"p","voiceless","pu","u",4,52,80,0.8,0.8,"labial","labial","high","back"
"Basque","f9","f","putre",15,2,"p","voiceless","pu","u",4,52,80,0.8,0.8,"labial","labial","high","back"
"Basque","f9","f","putz",14,1,"p","voiceless","pu","u",4,52,80,0.8,0.8,"labial","labial","high","back"
"Basque","f9","f","talde",10,2,"t","voiceless","ta","a",4,52,80,0.8,0.8,"coronal","coronal","non-high","back"
"Basque","f9","f","tanta",11,2,"t","voiceless","ta","a",4,52,80,0.8,0.8,"coronal","coronal","non-high","back"
"Basque","f9","f","tanto",9,2,"t","voiceless","ta","a",4,52,80,0.8,0.8,"coronal","coronal","non-high","back"
"Basque","f9","f","tarta",12,2,"t","voiceless","ta","a",4,52,80,0.8,0.8,"coronal","coronal","non-high","back"
"Basque","f9","f","te",17,1,"t","voiceless","te","e",4,52,80,0.8,0.8,"coronal","coronal","non-high","front"
"Basque","f9","f","teila",17,2,"t","voiceless","te","e",4,52,80,0.8,0.8,"coronal","coronal","non-high","front"
"Basque","f9","f","tigre",23,2,"t","voiceless","ti","i",4,52,80,0.8,0.8,"coronal","coronal","high","front"
"Basque","f9","f","tinta",17,2,"t","voiceless","ti","i",4,52,80,0.8,0.8,"coronal","coronal","high","front"
"Basque","f9","f","tunel",28,2,"t","voiceless","tu","u",4,52,80,0.8,0.8,"coronal","coronal","high","back"
"Basque","f9","f","tutu",16,2,"t","voiceless","tu","u",4,52,80,0.8,0.8,"coronal","coronal","high","back"
"Basque","m7","m","begi",-126,2,"b","voiced","be","e",4,65,90,1,0.8,"labial","labial","non-high","front"
"Basque","m7","m","behi",-130,1,"b","voiced","be","e",4,65,90,1,0.8,"labial","labial","non-high","front"
"Basque","m7","m","beltz",-100,1,"b","voiced","be","e",4,65,90,1,0.8,"labial","labial","non-high","front"
"Basque","m7","m","berde",-84,2,"b","voiced","be","e",4,65,90,1,0.8,"labial","labial","non-high","front"
"Basque","m7","m","beso",-104,2,"b","voiced","be","e",4,65,90,1,0.8,"labial","labial","non-high","front"
"Basque","m7","m","bi",-124,1,"b","voiced","bi","i",4,65,90,1,0.8,"labial","labial","high","front"
"Basque","m7","m","bide",-80,2,"b","voiced","bi","i",4,65,90,1,0.8,"labial","labial","high","front"
"Basque","m7","m","bihotz",-120,2,"b","voiced","bi","i",4,65,90,1,0.8,"labial","labial","high","front"
"Basque","m7","m","bost",-69,1,"b","voiced","bo","o",4,65,90,1,0.8,"labial","labial","non-high","back"
"Basque","m7","m","dantza",-98,2,"d","voiced","da","a",4,65,90,1,0.8,"coronal","coronal","non-high","back"
"Basque","m7","m","data",-95,2,"d","voiced","da","a",4,65,90,1,0.8,"coronal","coronal","non-high","back"
"Basque","m7","m","dei",-82,1,"d","voiced","de","e",4,65,90,1,0.8,"coronal","coronal","non-high","front"
"Basque","m7","m","denda",-140,2,"d","voiced","de","e",4,65,90,1,0.8,"coronal","coronal","non-high","front"
"Basque","m7","m","dike",-112,2,"d","voiced","di","i",4,65,90,1,0.8,"coronal","coronal","high","front"
"Basque","m7","m","diru",-66,2,"d","voiced","di","i",4,65,90,1,0.8,"coronal","coronal","high","front"
"Basque","m7","m","done",-83,2,"d","voiced","do","o",4,65,90,1,0.8,"coronal","coronal","non-high","back"
"Basque","m7","m","donuts",-55,2,"d","voiced","do","o",4,65,90,1,0.8,"coronal","coronal","non-high","back"
"Basque","m7","m","dorre",-101,2,"d","voiced","do","o",4,65,90,1,0.8,"coronal","coronal","non-high","back"
"Basque","m7","m","dutxa",-56,2,"d","voiced","du","u",4,65,90,1,0.8,"coronal","coronal","high","back"
"Basque","m7","m","galtza",-109,2,"g","voiced","ga","a",4,65,90,1,0.8,"dorsal","dorsal","non-high","back"
"Basque","m7","m","ganba",-85,2,"g","voiced","ga","a",4,65,90,1,0.8,"dorsal","dorsal","non-high","back"
"Basque","m7","m","garbi",-74,2,"g","voiced","ga","a",4,65,90,1,0.8,"dorsal","dorsal","non-high","back"
"Basque","m7","m","gatz",-84,1,"g","voiced","ga","a",4,65,90,1,0.8,"dorsal","dorsal","non-high","back"
"Basque","m7","m","gazta",-114,2,"g","voiced","ga","a",4,65,90,1,0.8,"dorsal","dorsal","non-high","back"
"Basque","m7","m","gehi",-46,1,"g","voiced","ge","e",4,65,90,1,0.8,"dorsal","dorsal","non-high","front"
"Basque","m7","m","gela",-49,2,"g","voiced","ge","e",4,65,90,1,0.8,"dorsal","dorsal","non-high","front"
"Basque","m7","m","gezi",-82,2,"g","voiced","ge","e",4,65,90,1,0.8,"dorsal","dorsal","non-high","front"
"Basque","m7","m","gorri",-131,2,"g","voiced","go","o",4,65,90,1,0.8,"dorsal","dorsal","non-high","back"
"Basque","m7","m","kanpo",29,2,"k","voiceless","ka","a",4,65,90,1,0.8,"dorsal","dorsal","non-high","back"
"Basque","m7","m","karga",37,2,"k","voiceless","ka","a",4,65,90,1,0.8,"dorsal","dorsal","non-high","back"
"Basque","m7","m","ke",36,1,"k","voiceless","ke","e",4,65,90,1,0.8,"dorsal","dorsal","non-high","front"
"Basque","m7","m","keinu",36,2,"k","voiceless","ke","e",4,65,90,1,0.8,"dorsal","dorsal","non-high","front"
"Basque","m7","m","ken",42,1,"k","voiceless","ke","e",4,65,90,1,0.8,"dorsal","dorsal","non-high","front"
"Basque","m7","m","koko",36,2,"k","voiceless","ko","o",4,65,90,1,0.8,"dorsal","dorsal","non-high","back"
"Basque","m7","m","kolpe",36,2,"k","voiceless","ko","o",4,65,90,1,0.8,"dorsal","dorsal","non-high","back"
"Basque","m7","m","kontu",32,2,"k","voiceless","ko","o",4,65,90,1,0.8,"dorsal","dorsal","non-high","back"
"Basque","m7","m","kopa",32,2,"k","voiceless","ko","o",4,65,90,1,0.8,"dorsal","dorsal","non-high","back"
"Basque","m7","m","kutxa",37,2,"k","voiceless","ku","u",4,65,90,1,0.8,"dorsal","dorsal","high","back"
"Basque","m7","m","pila",8,2,"p","voiceless","pi","i",4,65,90,1,0.8,"labial","labial","high","front"
"Basque","m7","m","pintxo",7,2,"p","voiceless","pi","i",4,65,90,1,0.8,"labial","labial","high","front"
"Basque","m7","m","pipa",9,2,"p","voiceless","pi","i",4,65,90,1,0.8,"labial","labial","high","front"
"Basque","m7","m","pisu",12,2,"p","voiceless","pi","i",4,65,90,1,0.8,"labial","labial","high","front"
"Basque","m7","m","porru",17,2,"p","voiceless","po","o",4,65,90,1,0.8,"labial","labial","non-high","back"
"Basque","m7","m","pultsu",15,2,"p","voiceless","pu","u",4,65,90,1,0.8,"labial","labial","high","back"
"Basque","m7","m","puma",16,2,"p","voiceless","pu","u",4,65,90,1,0.8,"labial","labial","high","back"
"Basque","m7","m","punta",52,2,"p","voiceless","pu","u",4,65,90,1,0.8,"labial","labial","high","back"
"Basque","m7","m","putre",14,2,"p","voiceless","pu","u",4,65,90,1,0.8,"labial","labial","high","back"
"Basque","m7","m","putz",17,1,"p","voiceless","pu","u",4,65,90,1,0.8,"labial","labial","high","back"
"Basque","m7","m","talde",8,2,"t","voiceless","ta","a",4,65,90,1,0.8,"coronal","coronal","non-high","back"
"Basque","m7","m","tanta",16,2,"t","voiceless","ta","a",4,65,90,1,0.8,"coronal","coronal","non-high","back"
"Basque","m7","m","tanto",12,2,"t","voiceless","ta","a",4,65,90,1,0.8,"coronal","coronal","non-high","back"
"Basque","m7","m","tarta",16,2,"t","voiceless","ta","a",4,65,90,1,0.8,"coronal","coronal","non-high","back"
"Basque","m7","m","te",16,1,"t","voiceless","te","e",4,65,90,1,0.8,"coronal","coronal","non-high","front"
"Basque","m7","m","teila",13,2,"t","voiceless","te","e",4,65,90,1,0.8,"coronal","coronal","non-high","front"
"Basque","m7","m","tigre",14,2,"t","voiceless","ti","i",4,65,90,1,0.8,"coronal","coronal","high","front"
"Basque","m7","m","tinta",21,2,"t","voiceless","ti","i",4,65,90,1,0.8,"coronal","coronal","high","front"
"Basque","m7","m","tunel",15,2,"t","voiceless","tu","u",4,65,90,1,0.8,"coronal","coronal","high","back"
"Basque","m7","m","tutu",18,2,"t","voiceless","tu","u",4,65,90,1,0.8,"coronal","coronal","high","back"
"Spanish","m7","m","barba",-134,2,"b","voiced","ba","a",4,65,90,1,0.8,"labial","labial","non-high","back"
"Spanish","m7","m","barca",-89,2,"b","voiced","ba","a",4,65,90,1,0.8,"labial","labial","non-high","back"
"Spanish","m7","m","bata",-89,2,"b","voiced","ba","a",4,65,90,1,0.8,"labial","labial","non-high","back"
"Spanish","m7","m","bici",-60,2,"b","voiced","bi","i",4,65,90,1,0.8,"labial","labial","high","front"
"Spanish","m7","m","boca",-123,2,"b","voiced","bo","o",4,65,90,1,0.8,"labial","labial","non-high","back"
"Spanish","m7","m","bolsa",-70,2,"b","voiced","bo","o",4,65,90,1,0.8,"labial","labial","non-high","back"
"Spanish","m7","m","bolso",-68,2,"b","voiced","bo","o",4,65,90,1,0.8,"labial","labial","non-high","back"
"Spanish","m7","m","bosque",-115,2,"b","voiced","bo","o",4,65,90,1,0.8,"labial","labial","non-high","back"
"Spanish","m7","m","buho",-93,2,"b","voiced","bu","u",4,65,90,1,0.8,"labial","labial","high","back"
"Spanish","m7","m","burro",-107,2,"b","voiced","bu","u",4,65,90,1,0.8,"labial","labial","high","back"
"Spanish","m7","m","cabra",34,2,"k","voiceless","ka","a",4,65,90,1,0.8,"dorsal","dorsal","non-high","back"
"Spanish","m7","m","calvo",29,2,"k","voiceless","ka","a",4,65,90,1,0.8,"dorsal","dorsal","non-high","back"
"Spanish","m7","m","cama",47,2,"k","voiceless","ka","a",4,65,90,1,0.8,"dorsal","dorsal","non-high","back"
"Spanish","m7","m","carcel",35,2,"k","voiceless","ka","a",4,65,90,1,0.8,"dorsal","dorsal","non-high","back"
"Spanish","m7","m","carne",34,2,"k","voiceless","ka","a",4,65,90,1,0.8,"dorsal","dorsal","non-high","back"
"Spanish","m7","m","carro",33,2,"k","voiceless","ka","a",4,65,90,1,0.8,"dorsal","dorsal","non-high","back"
"Spanish","m7","m","carta",28,2,"k","voiceless","ka","a",4,65,90,1,0.8,"dorsal","dorsal","non-high","back"
"Spanish","m7","m","casa",36,2,"k","voiceless","ka","a",4,65,90,1,0.8,"dorsal","dorsal","non-high","back"
"Spanish","m7","m","codo",34,2,"k","voiceless","ko","o",4,65,90,1,0.8,"dorsal","dorsal","non-high","back"
"Spanish","m7","m","culo",45,2,"k","voiceless","ku","u",4,65,90,1,0.8,"dorsal","dorsal","high","back"
"Spanish","m7","m","dado",-120,2,"d","voiced","da","a",4,65,90,1,0.8,"coronal","coronal","non-high","back"
"Spanish","m7","m","danza",-79,2,"d","voiced","da","a",4,65,90,1,0.8,"coronal","coronal","non-high","back"
"Spanish","m7","m","dardo",-109,2,"d","voiced","da","a",4,65,90,1,0.8,"coronal","coronal","non-high","back"
"Spanish","m7","m","dedo",-123,2,"d","voiced","de","e",4,65,90,1,0.8,"coronal","coronal","non-high","front"
"Spanish","m7","m","dia",-114,2,"d","voiced","di","i",4,65,90,1,0.8,"coronal","coronal","high","front"
"Spanish","m7","m","doble",-74,2,"d","voiced","do","o",4,65,90,1,0.8,"coronal","coronal","non-high","back"
"Spanish","m7","m","doce",-88,2,"d","voiced","do","o",4,65,90,1,0.8,"coronal","coronal","non-high","back"
"Spanish","m7","m","dos",-97,1,"d","voiced","do","o",4,65,90,1,0.8,"coronal","coronal","non-high","back"
"Spanish","m7","m","dulces",-64,2,"d","voiced","du","u",4,65,90,1,0.8,"coronal","coronal","high","back"
"Spanish","m7","m","duro",-108,2,"d","voiced","du","u",4,65,90,1,0.8,"coronal","coronal","high","back"
"Spanish","m7","m","gafas",-72,2,"g","voiced","ga","a",4,65,90,1,0.8,"dorsal","dorsal","non-high","back"
"Spanish","m7","m","gallo",-127,2,"g","voiced","ga","a",4,65,90,1,0.8,"dorsal","dorsal","non-high","back"
"Spanish","m7","m","garra",-84,2,"g","voiced","ga","a",4,65,90,1,0.8,"dorsal","dorsal","non-high","back"
"Spanish","m7","m","gato",-55,2,"g","voiced","ga","a",4,65,90,1,0.8,"dorsal","dorsal","non-high","back"
"Spanish","m7","m","golpe",-130,2,"g","voiced","go","o",4,65,90,1,0.8,"dorsal","dorsal","non-high","back"
"Spanish","m7","m","gorra",-144,2,"g","voiced","go","o",4,65,90,1,0.8,"dorsal","dorsal","non-high","back"
"Spanish","m7","m","gota",-109,2,"g","voiced","go","o",4,65,90,1,0.8,"dorsal","dorsal","non-high","back"
"Spanish","m7","m","guino",-64,2,"g","voiced","gu","u",4,65,90,1,0.8,"dorsal","dorsal","high","back"
"Spanish","m7","m","pico",8,2,"p","voiceless","pi","i",4,65,90,1,0.8,"labial","labial","high","front"
"Spanish","m7","m","pina",9,2,"p","voiceless","pi","i",4,65,90,1,0.8,"labial","labial","high","front"
"Spanish","m7","m","pino",9,2,"p","voiceless","pi","i",4,65,90,1,0.8,"labial","labial","high","front"
"Spanish","m7","m","pinza",8,2,"p","voiceless","pi","i",4,65,90,1,0.8,"labial","labial","high","front"
"Spanish","m7","m","pipas",9,2,"p","voiceless","pi","i",4,65,90,1,0.8,"labial","labial","high","front"
"Spanish","m7","m","pollo",12,2,"p","voiceless","po","o",4,65,90,1,0.8,"labial","labial","non-high","back"
"Spanish","m7","m","pua",29,2,"p","voiceless","pu","u",4,65,90,1,0.8,"labial","labial","high","back"
"Spanish","m7","m","pulpo",12,2,"p","voiceless","pu","u",4,65,90,1,0.8,"labial","labial","high","back"
"Spanish","m7","m","puno",11,2,"p","voiceless","pu","u",4,65,90,1,0.8,"labial","labial","high","back"
"Spanish","m7","m","puzle",28,2,"p","voiceless","pu","u",4,65,90,1,0.8,"labial","labial","high","back"
"Spanish","m7","m","tanque",12,2,"t","voiceless","ta","a",4,65,90,1,0.8,"coronal","coronal","non-high","back"
"Spanish","m7","m","tarro",11,2,"t","voiceless","ta","a",4,65,90,1,0.8,"coronal","coronal","non-high","back"
"Spanish","m7","m","taza",20,2,"t","voiceless","ta","a",4,65,90,1,0.8,"coronal","coronal","non-high","back"
"Spanish","m7","m","techo",11,2,"t","voiceless","te","e",4,65,90,1,0.8,"coronal","coronal","non-high","front"
"Spanish","m7","m","teja",11,2,"t","voiceless","te","e",4,65,90,1,0.8,"coronal","coronal","non-high","front"
"Spanish","m7","m","timbre",18,2,"t","voiceless","ti","i",4,65,90,1,0.8,"coronal","coronal","high","front"
"Spanish","m7","m","tiza",18,2,"t","voiceless","ti","i",4,65,90,1,0.8,"coronal","coronal","high","front"
"Spanish","m7","m","toro",13,2,"t","voiceless","to","o",4,65,90,1,0.8,"coronal","coronal","non-high","back"
"Spanish","m7","m","tubo",11,2,"t","voiceless","tu","u",4,65,90,1,0.8,"coronal","coronal","high","back"
"Spanish","m7","m","tumba",14,2,"t","voiceless","tu","u",4,65,90,1,0.8,"coronal","coronal","high","back"
"Spanish","f10","f","barba",-108,2,"b","voiced","ba","a",3,33,55.3846153846154,0.507692307692308,0.6,"labial","labial","non-high","back"
"Spanish","f10","f","barca",-75,2,"b","voiced","ba","a",3,33,55.3846153846154,0.507692307692308,0.6,"labial","labial","non-high","back"
"Spanish","f10","f","bata",-74,2,"b","voiced","ba","a",3,33,55.3846153846154,0.507692307692308,0.6,"labial","labial","non-high","back"
"Spanish","f10","f","bici",-139,2,"b","voiced","bi","i",3,33,55.3846153846154,0.507692307692308,0.6,"labial","labial","high","front"
"Spanish","f10","f","boca",-67,2,"b","voiced","bo","o",3,33,55.3846153846154,0.507692307692308,0.6,"labial","labial","non-high","back"
"Spanish","f10","f","bolsa",-68,2,"b","voiced","bo","o",3,33,55.3846153846154,0.507692307692308,0.6,"labial","labial","non-high","back"
"Spanish","f10","f","bolso",-95,2,"b","voiced","bo","o",3,33,55.3846153846154,0.507692307692308,0.6,"labial","labial","non-high","back"
"Spanish","f10","f","bosque",-122,2,"b","voiced","bo","o",3,33,55.3846153846154,0.507692307692308,0.6,"labial","labial","non-high","back"
"Spanish","f10","f","buho",-82,2,"b","voiced","bu","u",3,33,55.3846153846154,0.507692307692308,0.6,"labial","labial","high","back"
"Spanish","f10","f","burro",-97,2,"b","voiced","bu","u",3,33,55.3846153846154,0.507692307692308,0.6,"labial","labial","high","back"
"Spanish","f10","f","cabra",25,2,"k","voiceless","ka","a",3,33,55.3846153846154,0.507692307692308,0.6,"dorsal","dorsal","non-high","back"
"Spanish","f10","f","calvo",32,2,"k","voiceless","ka","a",3,33,55.3846153846154,0.507692307692308,0.6,"dorsal","dorsal","non-high","back"
"Spanish","f10","f","cama",24,2,"k","voiceless","ka","a",3,33,55.3846153846154,0.507692307692308,0.6,"dorsal","dorsal","non-high","back"
"Spanish","f10","f","carcel",27,2,"k","voiceless","ka","a",3,33,55.3846153846154,0.507692307692308,0.6,"dorsal","dorsal","non-high","back"
"Spanish","f10","f","carne",31,2,"k","voiceless","ka","a",3,33,55.3846153846154,0.507692307692308,0.6,"dorsal","dorsal","non-high","back"
"Spanish","f10","f","carro",16,2,"k","voiceless","ka","a",3,33,55.3846153846154,0.507692307692308,0.6,"dorsal","dorsal","non-high","back"
"Spanish","f10","f","carta",18,2,"k","voiceless","ka","a",3,33,55.3846153846154,0.507692307692308,0.6,"dorsal","dorsal","non-high","back"
"Spanish","f10","f","casa",24,2,"k","voiceless","ka","a",3,33,55.3846153846154,0.507692307692308,0.6,"dorsal","dorsal","non-high","back"
"Spanish","f10","f","codo",36,2,"k","voiceless","ko","o",3,33,55.3846153846154,0.507692307692308,0.6,"dorsal","dorsal","non-high","back"
"Spanish","f10","f","culo",63,2,"k","voiceless","ku","u",3,33,55.3846153846154,0.507692307692308,0.6,"dorsal","dorsal","high","back"
"Spanish","f10","f","dado",-57,2,"d","voiced","da","a",3,33,55.3846153846154,0.507692307692308,0.6,"coronal","coronal","non-high","back"
"Spanish","f10","f","danza",-94,2,"d","voiced","da","a",3,33,55.3846153846154,0.507692307692308,0.6,"coronal","coronal","non-high","back"
"Spanish","f10","f","dardo",-60,2,"d","voiced","da","a",3,33,55.3846153846154,0.507692307692308,0.6,"coronal","coronal","non-high","back"
"Spanish","f10","f","dedo",-89,2,"d","voiced","de","e",3,33,55.3846153846154,0.507692307692308,0.6,"coronal","coronal","non-high","front"
"Spanish","f10","f","dia",-75,2,"d","voiced","di","i",3,33,55.3846153846154,0.507692307692308,0.6,"coronal","coronal","high","front"
"Spanish","f10","f","doble",-95,2,"d","voiced","do","o",3,33,55.3846153846154,0.507692307692308,0.6,"coronal","coronal","non-high","back"
"Spanish","f10","f","doce",-99,2,"d","voiced","do","o",3,33,55.3846153846154,0.507692307692308,0.6,"coronal","coronal","non-high","back"
"Spanish","f10","f","dos",-94,1,"d","voiced","do","o",3,33,55.3846153846154,0.507692307692308,0.6,"coronal","coronal","non-high","back"
"Spanish","f10","f","dulces",-95,2,"d","voiced","du","u",3,33,55.3846153846154,0.507692307692308,0.6,"coronal","coronal","high","back"
"Spanish","f10","f","duro",-87,2,"d","voiced","du","u",3,33,55.3846153846154,0.507692307692308,0.6,"coronal","coronal","high","back"
"Spanish","f10","f","gafas",-93,2,"g","voiced","ga","a",3,33,55.3846153846154,0.507692307692308,0.6,"dorsal","dorsal","non-high","back"
"Spanish","f10","f","gallo",-108,2,"g","voiced","ga","a",3,33,55.3846153846154,0.507692307692308,0.6,"dorsal","dorsal","non-high","back"
"Spanish","f10","f","garra",-57,2,"g","voiced","ga","a",3,33,55.3846153846154,0.507692307692308,0.6,"dorsal","dorsal","non-high","back"
"Spanish","f10","f","golf",-71,1,"g","voiced","go","o",3,33,55.3846153846154,0.507692307692308,0.6,"dorsal","dorsal","non-high","back"
"Spanish","f10","f","golpe",-119,2,"g","voiced","go","o",3,33,55.3846153846154,0.507692307692308,0.6,"dorsal","dorsal","non-high","back"
"Spanish","f10","f","gorra",-140,2,"g","voiced","go","o",3,33,55.3846153846154,0.507692307692308,0.6,"dorsal","dorsal","non-high","back"
"Spanish","f10","f","gota",-111,2,"g","voiced","go","o",3,33,55.3846153846154,0.507692307692308,0.6,"dorsal","dorsal","non-high","back"
"Spanish","f10","f","guino",-89,2,"g","voiced","gu","u",3,33,55.3846153846154,0.507692307692308,0.6,"dorsal","dorsal","high","back"
"Spanish","f10","f","gordo",-132,2,"g","voiced","go","o",3,33,55.3846153846154,0.507692307692308,0.6,"dorsal","dorsal","non-high","back"
"Spanish","f10","f","pico",7,2,"p","voiceless","pi","i",3,33,55.3846153846154,0.507692307692308,0.6,"labial","labial","high","front"
"Spanish","f10","f","pina",9,2,"p","voiceless","pi","i",3,33,55.3846153846154,0.507692307692308,0.6,"labial","labial","high","front"
"Spanish","f10","f","pino",6,2,"p","voiceless","pi","i",3,33,55.3846153846154,0.507692307692308,0.6,"labial","labial","high","front"
"Spanish","f10","f","pinza",6,2,"p","voiceless","pi","i",3,33,55.3846153846154,0.507692307692308,0.6,"labial","labial","high","front"
"Spanish","f10","f","pipas",10,2,"p","voiceless","pi","i",3,33,55.3846153846154,0.507692307692308,0.6,"labial","labial","high","front"
"Spanish","f10","f","pollo",25,2,"p","voiceless","po","o",3,33,55.3846153846154,0.507692307692308,0.6,"labial","labial","non-high","back"
"Spanish","f10","f","pua",19,2,"p","voiceless","pu","u",3,33,55.3846153846154,0.507692307692308,0.6,"labial","labial","high","back"
"Spanish","f10","f","pulpo",17,2,"p","voiceless","pu","u",3,33,55.3846153846154,0.507692307692308,0.6,"labial","labial","high","back"
"Spanish","f10","f","puno",23,2,"p","voiceless","pu","u",3,33,55.3846153846154,0.507692307692308,0.6,"labial","labial","high","back"
"Spanish","f10","f","puzle",24,2,"p","voiceless","pu","u",3,33,55.3846153846154,0.507692307692308,0.6,"labial","labial","high","back"
"Spanish","f10","f","tanque",7,2,"t","voiceless","ta","a",3,33,55.3846153846154,0.507692307692308,0.6,"coronal","coronal","non-high","back"
"Spanish","f10","f","tarro",16,2,"t","voiceless","ta","a",3,33,55.3846153846154,0.507692307692308,0.6,"coronal","coronal","non-high","back"
"Spanish","f10","f","taza",13,2,"t","voiceless","ta","a",3,33,55.3846153846154,0.507692307692308,0.6,"coronal","coronal","non-high","back"
"Spanish","f10","f","techo",12,2,"t","voiceless","te","e",3,33,55.3846153846154,0.507692307692308,0.6,"coronal","coronal","non-high","front"
"Spanish","f10","f","teja",19,2,"t","voiceless","te","e",3,33,55.3846153846154,0.507692307692308,0.6,"coronal","coronal","non-high","front"
"Spanish","f10","f","timbre",17,2,"t","voiceless","ti","i",3,33,55.3846153846154,0.507692307692308,0.6,"coronal","coronal","high","front"
"Spanish","f10","f","tiza",16,2,"t","voiceless","ti","i",3,33,55.3846153846154,0.507692307692308,0.6,"coronal","coronal","high","front"
"Spanish","f10","f","toro",17,2,"t","voiceless","to","o",3,33,55.3846153846154,0.507692307692308,0.6,"coronal","coronal","non-high","back"
"Spanish","f10","f","tubo",11,2,"t","voiceless","tu","u",3,33,55.3846153846154,0.507692307692308,0.6,"coronal","coronal","high","back"
"Spanish","f10","f","tumba",11,2,"t","voiceless","tu","u",3,33,55.3846153846154,0.507692307692308,0.6,"coronal","coronal","high","back"
"Basque","f10","f","bat",-115,1,"b","voiced","ba","a",3,33,55.3846153846154,0.507692307692308,0.6,"labial","labial","non-high","back"
"Basque","f10","f","begi",-75,2,"b","voiced","be","e",3,33,55.3846153846154,0.507692307692308,0.6,"labial","labial","non-high","front"
"Basque","f10","f","behi",-95,1,"b","voiced","be","e",3,33,55.3846153846154,0.507692307692308,0.6,"labial","labial","non-high","front"
"Basque","f10","f","beltz",-73,1,"b","voiced","be","e",3,33,55.3846153846154,0.507692307692308,0.6,"labial","labial","non-high","front"
"Basque","f10","f","berde",-103,2,"b","voiced","be","e",3,33,55.3846153846154,0.507692307692308,0.6,"labial","labial","non-high","front"
"Basque","f10","f","beso",-75,2,"b","voiced","be","e",3,33,55.3846153846154,0.507692307692308,0.6,"labial","labial","non-high","front"
"Basque","f10","f","bi",-67,1,"b","voiced","bi","i",3,33,55.3846153846154,0.507692307692308,0.6,"labial","labial","high","front"
"Basque","f10","f","bide",-73,2,"b","voiced","bi","i",3,33,55.3846153846154,0.507692307692308,0.6,"labial","labial","high","front"
"Basque","f10","f","bihotz",-54,1,"b","voiced","bi","i",3,33,55.3846153846154,0.507692307692308,0.6,"labial","labial","high","front"
"Basque","f10","f","bost",-90,1,"b","voiced","bo","o",3,33,55.3846153846154,0.507692307692308,0.6,"labial","labial","non-high","back"
"Basque","f10","f","dantza",-64,2,"d","voiced","da","a",3,33,55.3846153846154,0.507692307692308,0.6,"coronal","coronal","non-high","back"
"Basque","f10","f","data",-112,2,"d","voiced","da","a",3,33,55.3846153846154,0.507692307692308,0.6,"coronal","coronal","non-high","back"
"Basque","f10","f","dei",-70,1,"d","voiced","de","e",3,33,55.3846153846154,0.507692307692308,0.6,"coronal","coronal","non-high","front"
"Basque","f10","f","denda",-73,2,"d","voiced","de","e",3,33,55.3846153846154,0.507692307692308,0.6,"coronal","coronal","non-high","front"
"Basque","f10","f","diru",-55,2,"d","voiced","di","i",3,33,55.3846153846154,0.507692307692308,0.6,"coronal","coronal","high","front"
"Basque","f10","f","donuts",-83,2,"d","voiced","do","o",3,33,55.3846153846154,0.507692307692308,0.6,"coronal","coronal","non-high","back"
"Basque","f10","f","dorre",-109,2,"d","voiced","do","o",3,33,55.3846153846154,0.507692307692308,0.6,"coronal","coronal","non-high","back"
"Basque","f10","f","dutxa",-54,2,"d","voiced","du","u",3,33,55.3846153846154,0.507692307692308,0.6,"coronal","coronal","high","back"
"Basque","f10","f","galtza",-63,2,"g","voiced","ga","a",3,33,55.3846153846154,0.507692307692308,0.6,"dorsal","dorsal","non-high","back"
"Basque","f10","f","ganba",-65,2,"g","voiced","ga","a",3,33,55.3846153846154,0.507692307692308,0.6,"dorsal","dorsal","non-high","back"
"Basque","f10","f","garbi",-56,2,"g","voiced","ga","a",3,33,55.3846153846154,0.507692307692308,0.6,"dorsal","dorsal","non-high","back"
"Basque","f10","f","gatz",-85,1,"g","voiced","ga","a",3,33,55.3846153846154,0.507692307692308,0.6,"dorsal","dorsal","non-high","back"
"Basque","f10","f","gazta",-61,2,"g","voiced","ga","a",3,33,55.3846153846154,0.507692307692308,0.6,"dorsal","dorsal","non-high","back"
"Basque","f10","f","gehi",-61,1,"g","voiced","ge","e",3,33,55.3846153846154,0.507692307692308,0.6,"dorsal","dorsal","non-high","front"
"Basque","f10","f","gela",-70,2,"g","voiced","ge","e",3,33,55.3846153846154,0.507692307692308,0.6,"dorsal","dorsal","non-high","front"
"Basque","f10","f","gezi",-78,2,"g","voiced","ge","e",3,33,55.3846153846154,0.507692307692308,0.6,"dorsal","dorsal","non-high","front"
"Basque","f10","f","giltza",-60,2,"g","voiced","gi","i",3,33,55.3846153846154,0.507692307692308,0.6,"dorsal","dorsal","high","front"
"Basque","f10","f","kanpo",25,2,"k","voiceless","ka","a",3,33,55.3846153846154,0.507692307692308,0.6,"dorsal","dorsal","non-high","back"
"Basque","f10","f","karga",25,2,"k","voiceless","ka","a",3,33,55.3846153846154,0.507692307692308,0.6,"dorsal","dorsal","non-high","back"
"Basque","f10","f","ke",45,1,"k","voiceless","ke","e",3,33,55.3846153846154,0.507692307692308,0.6,"dorsal","dorsal","non-high","front"
"Basque","f10","f","keinu",20,2,"k","voiceless","ke","e",3,33,55.3846153846154,0.507692307692308,0.6,"dorsal","dorsal","non-high","front"
"Basque","f10","f","ken",32,1,"k","voiceless","ke","e",3,33,55.3846153846154,0.507692307692308,0.6,"dorsal","dorsal","non-high","front"
"Basque","f10","f","koko",35,2,"k","voiceless","ko","o",3,33,55.3846153846154,0.507692307692308,0.6,"dorsal","dorsal","non-high","back"
"Basque","f10","f","kolpe",44,2,"k","voiceless","ko","o",3,33,55.3846153846154,0.507692307692308,0.6,"dorsal","dorsal","non-high","back"
"Basque","f10","f","kontu",29,2,"k","voiceless","ko","o",3,33,55.3846153846154,0.507692307692308,0.6,"dorsal","dorsal","non-high","back"
"Basque","f10","f","kopa",35,2,"k","voiceless","ko","o",3,33,55.3846153846154,0.507692307692308,0.6,"dorsal","dorsal","non-high","back"
"Basque","f10","f","kutxa",59,2,"k","voiceless","ku","u",3,33,55.3846153846154,0.507692307692308,0.6,"dorsal","dorsal","high","back"
"Basque","f10","f","pila",9,2,"p","voiceless","pi","i",3,33,55.3846153846154,0.507692307692308,0.6,"labial","labial","high","front"
"Basque","f10","f","pintxo",23,2,"p","voiceless","pi","i",3,33,55.3846153846154,0.507692307692308,0.6,"labial","labial","high","front"
"Basque","f10","f","pipa",14,2,"p","voiceless","pi","i",3,33,55.3846153846154,0.507692307692308,0.6,"labial","labial","high","front"
"Basque","f10","f","pisu",20,2,"p","voiceless","pi","i",3,33,55.3846153846154,0.507692307692308,0.6,"labial","labial","high","front"
"Basque","f10","f","porru",19,2,"p","voiceless","po","o",3,33,55.3846153846154,0.507692307692308,0.6,"labial","labial","non-high","back"
"Basque","f10","f","pultsu",28,2,"p","voiceless","pu","u",3,33,55.3846153846154,0.507692307692308,0.6,"labial","labial","high","back"
"Basque","f10","f","puma",16,2,"p","voiceless","pu","u",3,33,55.3846153846154,0.507692307692308,0.6,"labial","labial","high","back"
"Basque","f10","f","punta",26,2,"p","voiceless","pu","u",3,33,55.3846153846154,0.507692307692308,0.6,"labial","labial","high","back"
"Basque","f10","f","putre",18,2,"p","voiceless","pu","u",3,33,55.3846153846154,0.507692307692308,0.6,"labial","labial","high","back"
"Basque","f10","f","putz",22,1,"p","voiceless","pu","u",3,33,55.3846153846154,0.507692307692308,0.6,"labial","labial","high","back"
"Basque","f10","f","talde",12,2,"t","voiceless","ta","a",3,33,55.3846153846154,0.507692307692308,0.6,"coronal","coronal","non-high","back"
"Basque","f10","f","tanta",20,2,"t","voiceless","ta","a",3,33,55.3846153846154,0.507692307692308,0.6,"coronal","coronal","non-high","back"
"Basque","f10","f","tarta",16,2,"t","voiceless","ta","a",3,33,55.3846153846154,0.507692307692308,0.6,"coronal","coronal","non-high","back"
"Basque","f10","f","te",11,1,"t","voiceless","te","e",3,33,55.3846153846154,0.507692307692308,0.6,"coronal","coronal","non-high","front"
"Basque","f10","f","teila",13,2,"t","voiceless","te","e",3,33,55.3846153846154,0.507692307692308,0.6,"coronal","coronal","non-high","front"
"Basque","f10","f","tigre",19,2,"t","voiceless","ti","i",3,33,55.3846153846154,0.507692307692308,0.6,"coronal","coronal","high","front"
"Basque","f10","f","tinta",13,2,"t","voiceless","ti","i",3,33,55.3846153846154,0.507692307692308,0.6,"coronal","coronal","high","front"
"Basque","f10","f","tunel",20,2,"t","voiceless","tu","u",3,33,55.3846153846154,0.507692307692308,0.6,"coronal","coronal","high","back"
"Spanish","f2","f","barba",-64,2,"b","voiced","ba","a",4,57,83.8461538461539,0.876923076923077,0.8,"labial","labial","non-high","back"
"Spanish","f2","f","barca",-74,2,"b","voiced","ba","a",4,57,83.8461538461539,0.876923076923077,0.8,"labial","labial","non-high","back"
"Spanish","f2","f","bici",-80,2,"b","voiced","bi","i",4,57,83.8461538461539,0.876923076923077,0.8,"labial","labial","high","front"
"Spanish","f2","f","boca",-71,2,"b","voiced","bo","o",4,57,83.8461538461539,0.876923076923077,0.8,"labial","labial","non-high","back"
"Spanish","f2","f","bolsa",-106,2,"b","voiced","bo","o",4,57,83.8461538461539,0.876923076923077,0.8,"labial","labial","non-high","back"
"Spanish","f2","f","bolso",-70,2,"b","voiced","bo","o",4,57,83.8461538461539,0.876923076923077,0.8,"labial","labial","non-high","back"
"Spanish","f2","f","bosque",-95,2,"b","voiced","bo","o",4,57,83.8461538461539,0.876923076923077,0.8,"labial","labial","non-high","back"
"Spanish","f2","f","buho",-92,2,"b","voiced","bu","u",4,57,83.8461538461539,0.876923076923077,0.8,"labial","labial","high","back"
"Spanish","f2","f","burro",-71,2,"b","voiced","bu","u",4,57,83.8461538461539,0.876923076923077,0.8,"labial","labial","high","back"
"Spanish","f2","f","cabra",29,2,"k","voiceless","ka","a",4,57,83.8461538461539,0.876923076923077,0.8,"dorsal","dorsal","non-high","back"
"Spanish","f2","f","calvo",40,2,"k","voiceless","ka","a",4,57,83.8461538461539,0.876923076923077,0.8,"dorsal","dorsal","non-high","back"
"Spanish","f2","f","cama",27,2,"k","voiceless","ka","a",4,57,83.8461538461539,0.876923076923077,0.8,"dorsal","dorsal","non-high","back"
"Spanish","f2","f","carcel",34,2,"k","voiceless","ka","a",4,57,83.8461538461539,0.876923076923077,0.8,"dorsal","dorsal","non-high","back"
"Spanish","f2","f","carne",34,2,"k","voiceless","ka","a",4,57,83.8461538461539,0.876923076923077,0.8,"dorsal","dorsal","non-high","back"
"Spanish","f2","f","carro",25,2,"k","voiceless","ka","a",4,57,83.8461538461539,0.876923076923077,0.8,"dorsal","dorsal","non-high","back"
"Spanish","f2","f","carta",25,2,"k","voiceless","ka","a",4,57,83.8461538461539,0.876923076923077,0.8,"dorsal","dorsal","non-high","back"
"Spanish","f2","f","casa",36,2,"k","voiceless","ka","a",4,57,83.8461538461539,0.876923076923077,0.8,"dorsal","dorsal","non-high","back"
"Spanish","f2","f","codo",26,2,"k","voiceless","ko","o",4,57,83.8461538461539,0.876923076923077,0.8,"dorsal","dorsal","non-high","back"
"Spanish","f2","f","culo",38,2,"k","voiceless","ku","u",4,57,83.8461538461539,0.876923076923077,0.8,"dorsal","dorsal","high","back"
"Spanish","f2","f","dado",-91,2,"d","voiced","da","a",4,57,83.8461538461539,0.876923076923077,0.8,"coronal","coronal","non-high","back"
"Spanish","f2","f","danza",-90,2,"d","voiced","da","a",4,57,83.8461538461539,0.876923076923077,0.8,"coronal","coronal","non-high","back"
"Spanish","f2","f","dardo",-51,2,"d","voiced","da","a",4,57,83.8461538461539,0.876923076923077,0.8,"coronal","coronal","non-high","back"
"Spanish","f2","f","dedo",-90,2,"d","voiced","de","e",4,57,83.8461538461539,0.876923076923077,0.8,"coronal","coronal","non-high","front"
"Spanish","f2","f","dia",-98,2,"d","voiced","di","i",4,57,83.8461538461539,0.876923076923077,0.8,"coronal","coronal","high","front"
"Spanish","f2","f","doble",-71,2,"d","voiced","do","o",4,57,83.8461538461539,0.876923076923077,0.8,"coronal","coronal","non-high","back"
"Spanish","f2","f","doce",-66,2,"d","voiced","do","o",4,57,83.8461538461539,0.876923076923077,0.8,"coronal","coronal","non-high","back"
"Spanish","f2","f","dos",-81,1,"d","voiced","do","o",4,57,83.8461538461539,0.876923076923077,0.8,"coronal","coronal","non-high","back"
"Spanish","f2","f","dulces",-56,2,"d","voiced","du","u",4,57,83.8461538461539,0.876923076923077,0.8,"coronal","coronal","high","back"
"Spanish","f2","f","duro",-80,2,"d","voiced","du","u",4,57,83.8461538461539,0.876923076923077,0.8,"coronal","coronal","high","back"
"Spanish","f2","f","gafas",-75,2,"g","voiced","ga","a",4,57,83.8461538461539,0.876923076923077,0.8,"dorsal","dorsal","non-high","back"
"Spanish","f2","f","gallo",-42,2,"g","voiced","ga","a",4,57,83.8461538461539,0.876923076923077,0.8,"dorsal","dorsal","non-high","back"
"Spanish","f2","f","garra",-59,2,"g","voiced","ga","a",4,57,83.8461538461539,0.876923076923077,0.8,"dorsal","dorsal","non-high","back"
"Spanish","f2","f","gato",-52,2,"g","voiced","ga","a",4,57,83.8461538461539,0.876923076923077,0.8,"dorsal","dorsal","non-high","back"
"Spanish","f2","f","golf",-46,1,"g","voiced","go","o",4,57,83.8461538461539,0.876923076923077,0.8,"dorsal","dorsal","non-high","back"
"Spanish","f2","f","golpe",-57,2,"g","voiced","go","o",4,57,83.8461538461539,0.876923076923077,0.8,"dorsal","dorsal","non-high","back"
"Spanish","f2","f","gordo",-67,2,"g","voiced","go","o",4,57,83.8461538461539,0.876923076923077,0.8,"dorsal","dorsal","non-high","back"
"Spanish","f2","f","gorra",-86,2,"g","voiced","go","o",4,57,83.8461538461539,0.876923076923077,0.8,"dorsal","dorsal","non-high","back"
"Spanish","f2","f","gota",-49,2,"g","voiced","go","o",4,57,83.8461538461539,0.876923076923077,0.8,"dorsal","dorsal","non-high","back"
"Spanish","f2","f","guino",-76,2,"g","voiced","gu","u",4,57,83.8461538461539,0.876923076923077,0.8,"dorsal","dorsal","high","back"
"Spanish","f2","f","pico",11,2,"p","voiceless","pi","i",4,57,83.8461538461539,0.876923076923077,0.8,"labial","labial","high","front"
"Spanish","f2","f","pina",23,2,"p","voiceless","pi","i",4,57,83.8461538461539,0.876923076923077,0.8,"labial","labial","high","front"
"Spanish","f2","f","pino",13,2,"p","voiceless","pi","i",4,57,83.8461538461539,0.876923076923077,0.8,"labial","labial","high","front"
"Spanish","f2","f","pinza",12,2,"p","voiceless","pi","i",4,57,83.8461538461539,0.876923076923077,0.8,"labial","labial","high","front"
"Spanish","f2","f","pipas",12,2,"p","voiceless","pi","i",4,57,83.8461538461539,0.876923076923077,0.8,"labial","labial","high","front"
"Spanish","f2","f","pollo",22,2,"p","voiceless","po","o",4,57,83.8461538461539,0.876923076923077,0.8,"labial","labial","non-high","back"
"Spanish","f2","f","pua",23,2,"p","voiceless","pu","u",4,57,83.8461538461539,0.876923076923077,0.8,"labial","labial","high","back"
"Spanish","f2","f","pulpo",37,2,"p","voiceless","pu","u",4,57,83.8461538461539,0.876923076923077,0.8,"labial","labial","high","back"
"Spanish","f2","f","puno",39,2,"p","voiceless","pu","u",4,57,83.8461538461539,0.876923076923077,0.8,"labial","labial","high","back"
"Spanish","f2","f","puzle",12,2,"p","voiceless","pu","u",4,57,83.8461538461539,0.876923076923077,0.8,"labial","labial","high","back"
"Spanish","f2","f","tanque",13,2,"t","voiceless","ta","a",4,57,83.8461538461539,0.876923076923077,0.8,"coronal","coronal","non-high","back"
"Spanish","f2","f","tarro",17,2,"t","voiceless","ta","a",4,57,83.8461538461539,0.876923076923077,0.8,"coronal","coronal","non-high","back"
"Spanish","f2","f","taza",22,2,"t","voiceless","ta","a",4,57,83.8461538461539,0.876923076923077,0.8,"coronal","coronal","non-high","back"
"Spanish","f2","f","techo",20,2,"t","voiceless","te","e",4,57,83.8461538461539,0.876923076923077,0.8,"coronal","coronal","non-high","front"
"Spanish","f2","f","teja",19,2,"t","voiceless","te","e",4,57,83.8461538461539,0.876923076923077,0.8,"coronal","coronal","non-high","front"
"Spanish","f2","f","timbre",21,2,"t","voiceless","ti","i",4,57,83.8461538461539,0.876923076923077,0.8,"coronal","coronal","high","front"
"Spanish","f2","f","tiza",24,2,"t","voiceless","ti","i",4,57,83.8461538461539,0.876923076923077,0.8,"coronal","coronal","high","front"
"Spanish","f2","f","toro",23,2,"t","voiceless","to","o",4,57,83.8461538461539,0.876923076923077,0.8,"coronal","coronal","non-high","back"
"Spanish","f2","f","tubo",23,2,"t","voiceless","tu","u",4,57,83.8461538461539,0.876923076923077,0.8,"coronal","coronal","high","back"
"Spanish","f2","f","tumba",21,2,"t","voiceless","tu","u",4,57,83.8461538461539,0.876923076923077,0.8,"coronal","coronal","high","back"
"Basque","f2","f","bat",-51,1,"b","voiced","ba","a",4,57,83.8461538461539,0.876923076923077,0.8,"labial","labial","non-high","back"
"Basque","f2","f","begi",-22,2,"b","voiced","be","e",4,57,83.8461538461539,0.876923076923077,0.8,"labial","labial","non-high","front"
"Basque","f2","f","behi",-80,1,"b","voiced","be","e",4,57,83.8461538461539,0.876923076923077,0.8,"labial","labial","non-high","front"
"Basque","f2","f","beltz",-80,1,"b","voiced","be","e",4,57,83.8461538461539,0.876923076923077,0.8,"labial","labial","non-high","front"
"Basque","f2","f","berde",-75,2,"b","voiced","be","e",4,57,83.8461538461539,0.876923076923077,0.8,"labial","labial","non-high","front"
"Basque","f2","f","bi",-55,1,"b","voiced","bi","i",4,57,83.8461538461539,0.876923076923077,0.8,"labial","labial","high","front"
"Basque","f2","f","bide",-40,2,"b","voiced","bi","i",4,57,83.8461538461539,0.876923076923077,0.8,"labial","labial","high","front"
"Basque","f2","f","bihotz",-58,1,"b","voiced","bi","i",4,57,83.8461538461539,0.876923076923077,0.8,"labial","labial","high","front"
"Basque","f2","f","bost",-42,1,"b","voiced","bo","o",4,57,83.8461538461539,0.876923076923077,0.8,"labial","labial","non-high","back"
"Basque","f2","f","dantza",-50,2,"d","voiced","da","a",4,57,83.8461538461539,0.876923076923077,0.8,"coronal","coronal","non-high","back"
"Basque","f2","f","data",-92,2,"d","voiced","da","a",4,57,83.8461538461539,0.876923076923077,0.8,"coronal","coronal","non-high","back"
"Basque","f2","f","dei",-40,1,"d","voiced","de","e",4,57,83.8461538461539,0.876923076923077,0.8,"coronal","coronal","non-high","front"
"Basque","f2","f","denda",-79,2,"d","voiced","de","e",4,57,83.8461538461539,0.876923076923077,0.8,"coronal","coronal","non-high","front"
"Basque","f2","f","diru",-85,2,"d","voiced","di","i",4,57,83.8461538461539,0.876923076923077,0.8,"coronal","coronal","high","front"
"Basque","f2","f","done",-64,2,"d","voiced","do","o",4,57,83.8461538461539,0.876923076923077,0.8,"coronal","coronal","non-high","back"
"Basque","f2","f","donuts",-61,2,"d","voiced","do","o",4,57,83.8461538461539,0.876923076923077,0.8,"coronal","coronal","non-high","back"
"Basque","f2","f","dorre",-58,2,"d","voiced","do","o",4,57,83.8461538461539,0.876923076923077,0.8,"coronal","coronal","non-high","back"
"Basque","f2","f","dutxa",-75,2,"d","voiced","du","u",4,57,83.8461538461539,0.876923076923077,0.8,"coronal","coronal","high","back"
"Basque","f2","f","galtza",-71,2,"g","voiced","ga","a",4,57,83.8461538461539,0.876923076923077,0.8,"dorsal","dorsal","non-high","back"
"Basque","f2","f","ganba",-72,2,"g","voiced","ga","a",4,57,83.8461538461539,0.876923076923077,0.8,"dorsal","dorsal","non-high","back"
"Basque","f2","f","garbi",-79,2,"g","voiced","ga","a",4,57,83.8461538461539,0.876923076923077,0.8,"dorsal","dorsal","non-high","back"
"Basque","f2","f","gatz",-79,1,"g","voiced","ga","a",4,57,83.8461538461539,0.876923076923077,0.8,"dorsal","dorsal","non-high","back"
"Basque","f2","f","gazta",-62,2,"g","voiced","ga","a",4,57,83.8461538461539,0.876923076923077,0.8,"dorsal","dorsal","non-high","back"
"Basque","f2","f","gehi",-72,1,"g","voiced","ge","e",4,57,83.8461538461539,0.876923076923077,0.8,"dorsal","dorsal","non-high","front"
"Basque","f2","f","gela",-57,2,"g","voiced","ge","e",4,57,83.8461538461539,0.876923076923077,0.8,"dorsal","dorsal","non-high","front"
"Basque","f2","f","gezi",-70,2,"g","voiced","ge","e",4,57,83.8461538461539,0.876923076923077,0.8,"dorsal","dorsal","non-high","front"
"Basque","f2","f","giltza",-41,2,"g","voiced","gi","i",4,57,83.8461538461539,0.876923076923077,0.8,"dorsal","dorsal","high","front"
"Basque","f2","f","gorri",-47,2,"g","voiced","go","o",4,57,83.8461538461539,0.876923076923077,0.8,"dorsal","dorsal","non-high","back"
"Basque","f2","f","kanpo",31,2,"k","voiceless","ka","a",4,57,83.8461538461539,0.876923076923077,0.8,"dorsal","dorsal","non-high","back"
"Basque","f2","f","karga",38,2,"k","voiceless","ka","a",4,57,83.8461538461539,0.876923076923077,0.8,"dorsal","dorsal","non-high","back"
"Basque","f2","f","ke",24,1,"k","voiceless","ke","e",4,57,83.8461538461539,0.876923076923077,0.8,"dorsal","dorsal","non-high","front"
"Basque","f2","f","keinu",22,2,"k","voiceless","ke","e",4,57,83.8461538461539,0.876923076923077,0.8,"dorsal","dorsal","non-high","front"
"Basque","f2","f","ken",29,1,"k","voiceless","ke","e",4,57,83.8461538461539,0.876923076923077,0.8,"dorsal","dorsal","non-high","front"
"Basque","f2","f","koko",49,2,"k","voiceless","ko","o",4,57,83.8461538461539,0.876923076923077,0.8,"dorsal","dorsal","non-high","back"
"Basque","f2","f","kolpe",21,2,"k","voiceless","ko","o",4,57,83.8461538461539,0.876923076923077,0.8,"dorsal","dorsal","non-high","back"
"Basque","f2","f","kontu",20,2,"k","voiceless","ko","o",4,57,83.8461538461539,0.876923076923077,0.8,"dorsal","dorsal","non-high","back"
"Basque","f2","f","kopa",32,2,"k","voiceless","ko","o",4,57,83.8461538461539,0.876923076923077,0.8,"dorsal","dorsal","non-high","back"
"Basque","f2","f","kutxa",42,2,"k","voiceless","ku","u",4,57,83.8461538461539,0.876923076923077,0.8,"dorsal","dorsal","high","back"
"Basque","f2","f","pila",11,2,"p","voiceless","pi","i",4,57,83.8461538461539,0.876923076923077,0.8,"labial","labial","high","front"
"Basque","f2","f","pintxo",16,2,"p","voiceless","pi","i",4,57,83.8461538461539,0.876923076923077,0.8,"labial","labial","high","front"
"Basque","f2","f","pipa",12,2,"p","voiceless","pi","i",4,57,83.8461538461539,0.876923076923077,0.8,"labial","labial","high","front"
"Basque","f2","f","pisu",18,2,"p","voiceless","pi","i",4,57,83.8461538461539,0.876923076923077,0.8,"labial","labial","high","front"
"Basque","f2","f","porru",20,2,"p","voiceless","po","o",4,57,83.8461538461539,0.876923076923077,0.8,"labial","labial","non-high","back"
"Basque","f2","f","pultsu",16,2,"p","voiceless","pu","u",4,57,83.8461538461539,0.876923076923077,0.8,"labial","labial","high","back"
"Basque","f2","f","puma",27,2,"p","voiceless","pu","u",4,57,83.8461538461539,0.876923076923077,0.8,"labial","labial","high","back"
"Basque","f2","f","punta",19,2,"p","voiceless","pu","u",4,57,83.8461538461539,0.876923076923077,0.8,"labial","labial","high","back"
"Basque","f2","f","putre",16,2,"p","voiceless","pu","u",4,57,83.8461538461539,0.876923076923077,0.8,"labial","labial","high","back"
"Basque","f2","f","putz",14,1,"p","voiceless","pu","u",4,57,83.8461538461539,0.876923076923077,0.8,"labial","labial","high","back"
"Basque","f2","f","talde",21,2,"t","voiceless","ta","a",4,57,83.8461538461539,0.876923076923077,0.8,"coronal","coronal","non-high","back"
"Basque","f2","f","tanta",16,2,"t","voiceless","ta","a",4,57,83.8461538461539,0.876923076923077,0.8,"coronal","coronal","non-high","back"
"Basque","f2","f","tanto",14,2,"t","voiceless","ta","a",4,57,83.8461538461539,0.876923076923077,0.8,"coronal","coronal","non-high","back"
"Basque","f2","f","tarta",23,2,"t","voiceless","ta","a",4,57,83.8461538461539,0.876923076923077,0.8,"coronal","coronal","non-high","back"
"Basque","f2","f","te",20,1,"t","voiceless","te","e",4,57,83.8461538461539,0.876923076923077,0.8,"coronal","coronal","non-high","front"
"Basque","f2","f","teila",14,2,"t","voiceless","te","e",4,57,83.8461538461539,0.876923076923077,0.8,"coronal","coronal","non-high","front"
"Basque","f2","f","tigre",38,2,"t","voiceless","ti","i",4,57,83.8461538461539,0.876923076923077,0.8,"coronal","coronal","high","front"
"Basque","f2","f","tinta",25,2,"t","voiceless","ti","i",4,57,83.8461538461539,0.876923076923077,0.8,"coronal","coronal","high","front"
"Basque","f2","f","tunel",36,2,"t","voiceless","tu","u",4,57,83.8461538461539,0.876923076923077,0.8,"coronal","coronal","high","back"
"Basque","f2","f","tutu",22,2,"t","voiceless","tu","u",4,57,83.8461538461539,0.876923076923077,0.8,"coronal","coronal","high","back"
"Basque","m8","m","bat",-45,1,"b","voiced","ba","a",4,45,74.6153846153846,0.692307692307692,0.8,"labial","labial","non-high","back"
"Basque","m8","m","begi",-62,2,"b","voiced","be","e",4,45,74.6153846153846,0.692307692307692,0.8,"labial","labial","non-high","front"
"Basque","m8","m","behi",-62,1,"b","voiced","be","e",4,45,74.6153846153846,0.692307692307692,0.8,"labial","labial","non-high","front"
"Basque","m8","m","beltz",-59,1,"b","voiced","be","e",4,45,74.6153846153846,0.692307692307692,0.8,"labial","labial","non-high","front"
"Basque","m8","m","berde",-57,2,"b","voiced","be","e",4,45,74.6153846153846,0.692307692307692,0.8,"labial","labial","non-high","front"
"Basque","m8","m","beso",-93,2,"b","voiced","be","e",4,45,74.6153846153846,0.692307692307692,0.8,"labial","labial","non-high","front"
"Basque","m8","m","bi",-79,1,"b","voiced","bi","i",4,45,74.6153846153846,0.692307692307692,0.8,"labial","labial","high","front"
"Basque","m8","m","bide",-73,2,"b","voiced","bi","i",4,45,74.6153846153846,0.692307692307692,0.8,"labial","labial","high","front"
"Basque","m8","m","bihotz",-66,2,"b","voiced","bi","i",4,45,74.6153846153846,0.692307692307692,0.8,"labial","labial","high","front"
"Basque","m8","m","bost",-122,1,"b","voiced","bo","o",4,45,74.6153846153846,0.692307692307692,0.8,"labial","labial","non-high","back"
"Basque","m8","m","dantza",-51,2,"d","voiced","da","a",4,45,74.6153846153846,0.692307692307692,0.8,"coronal","coronal","non-high","back"
"Basque","m8","m","data",-56,2,"d","voiced","da","a",4,45,74.6153846153846,0.692307692307692,0.8,"coronal","coronal","non-high","back"
"Basque","m8","m","dei",-68,1,"d","voiced","de","e",4,45,74.6153846153846,0.692307692307692,0.8,"coronal","coronal","non-high","front"
"Basque","m8","m","denda",-76,2,"d","voiced","de","e",4,45,74.6153846153846,0.692307692307692,0.8,"coronal","coronal","non-high","front"
"Basque","m8","m","dike",-67,2,"d","voiced","di","i",4,45,74.6153846153846,0.692307692307692,0.8,"coronal","coronal","high","front"
"Basque","m8","m","diru",-81,2,"d","voiced","di","i",4,45,74.6153846153846,0.692307692307692,0.8,"coronal","coronal","high","front"
"Basque","m8","m","done",-89,2,"d","voiced","do","o",4,45,74.6153846153846,0.692307692307692,0.8,"coronal","coronal","non-high","back"
"Basque","m8","m","donuts",-83,2,"d","voiced","do","o",4,45,74.6153846153846,0.692307692307692,0.8,"coronal","coronal","non-high","back"
"Basque","m8","m","dorre",-106,2,"d","voiced","do","o",4,45,74.6153846153846,0.692307692307692,0.8,"coronal","coronal","non-high","back"
"Basque","m8","m","dutxa",-80,2,"d","voiced","du","u",4,45,74.6153846153846,0.692307692307692,0.8,"coronal","coronal","high","back"
"Basque","m8","m","galtza",-80,2,"g","voiced","ga","a",4,45,74.6153846153846,0.692307692307692,0.8,"dorsal","dorsal","non-high","back"
"Basque","m8","m","ganba",-83,2,"g","voiced","ga","a",4,45,74.6153846153846,0.692307692307692,0.8,"dorsal","dorsal","non-high","back"
"Basque","m8","m","garbi",-51,2,"g","voiced","ga","a",4,45,74.6153846153846,0.692307692307692,0.8,"dorsal","dorsal","non-high","back"
"Basque","m8","m","gazta",-38,2,"g","voiced","ga","a",4,45,74.6153846153846,0.692307692307692,0.8,"dorsal","dorsal","non-high","back"
"Basque","m8","m","gehi",-52,1,"g","voiced","ge","e",4,45,74.6153846153846,0.692307692307692,0.8,"dorsal","dorsal","non-high","front"
"Basque","m8","m","gela",-61,2,"g","voiced","ge","e",4,45,74.6153846153846,0.692307692307692,0.8,"dorsal","dorsal","non-high","front"
"Basque","m8","m","gezi",-51,2,"g","voiced","ge","e",4,45,74.6153846153846,0.692307692307692,0.8,"dorsal","dorsal","non-high","front"
"Basque","m8","m","giltza",-52,2,"g","voiced","gi","i",4,45,74.6153846153846,0.692307692307692,0.8,"dorsal","dorsal","high","front"
"Basque","m8","m","gorri",-72,2,"g","voiced","go","o",4,45,74.6153846153846,0.692307692307692,0.8,"dorsal","dorsal","non-high","back"
"Basque","m8","m","kanpo",27,2,"k","voiceless","ka","a",4,45,74.6153846153846,0.692307692307692,0.8,"dorsal","dorsal","non-high","back"
"Basque","m8","m","karga",18,2,"k","voiceless","ka","a",4,45,74.6153846153846,0.692307692307692,0.8,"dorsal","dorsal","non-high","back"
"Basque","m8","m","ke",22,1,"k","voiceless","ke","e",4,45,74.6153846153846,0.692307692307692,0.8,"dorsal","dorsal","non-high","front"
"Basque","m8","m","keinu",22,2,"k","voiceless","ke","e",4,45,74.6153846153846,0.692307692307692,0.8,"dorsal","dorsal","non-high","front"
"Basque","m8","m","ken",27,1,"k","voiceless","ke","e",4,45,74.6153846153846,0.692307692307692,0.8,"dorsal","dorsal","non-high","front"
"Basque","m8","m","koko",20,2,"k","voiceless","ko","o",4,45,74.6153846153846,0.692307692307692,0.8,"dorsal","dorsal","non-high","back"
"Basque","m8","m","kolpe",17,2,"k","voiceless","ko","o",4,45,74.6153846153846,0.692307692307692,0.8,"dorsal","dorsal","non-high","back"
"Basque","m8","m","kontu",18,2,"k","voiceless","ko","o",4,45,74.6153846153846,0.692307692307692,0.8,"dorsal","dorsal","non-high","back"
"Basque","m8","m","kopa",19,2,"k","voiceless","ko","o",4,45,74.6153846153846,0.692307692307692,0.8,"dorsal","dorsal","non-high","back"
"Basque","m8","m","kutxa",26,2,"k","voiceless","ku","u",4,45,74.6153846153846,0.692307692307692,0.8,"dorsal","dorsal","high","back"
"Basque","m8","m","pila",7,2,"p","voiceless","pi","i",4,45,74.6153846153846,0.692307692307692,0.8,"labial","labial","high","front"
"Basque","m8","m","pintxo",9,2,"p","voiceless","pi","i",4,45,74.6153846153846,0.692307692307692,0.8,"labial","labial","high","front"
"Basque","m8","m","pipa",8,2,"p","voiceless","pi","i",4,45,74.6153846153846,0.692307692307692,0.8,"labial","labial","high","front"
"Basque","m8","m","pisu",8,2,"p","voiceless","pi","i",4,45,74.6153846153846,0.692307692307692,0.8,"labial","labial","high","front"
"Basque","m8","m","porru",13,2,"p","voiceless","po","o",4,45,74.6153846153846,0.692307692307692,0.8,"labial","labial","non-high","back"
"Basque","m8","m","pultsu",16,2,"p","voiceless","pu","u",4,45,74.6153846153846,0.692307692307692,0.8,"labial","labial","high","back"
"Basque","m8","m","puma",18,2,"p","voiceless","pu","u",4,45,74.6153846153846,0.692307692307692,0.8,"labial","labial","high","back"
"Basque","m8","m","punta",14,2,"p","voiceless","pu","u",4,45,74.6153846153846,0.692307692307692,0.8,"labial","labial","high","back"
"Basque","m8","m","putre",13,2,"p","voiceless","pu","u",4,45,74.6153846153846,0.692307692307692,0.8,"labial","labial","high","back"
"Basque","m8","m","putz",13,1,"p","voiceless","pu","u",4,45,74.6153846153846,0.692307692307692,0.8,"labial","labial","high","back"
"Basque","m8","m","talde",10,2,"t","voiceless","ta","a",4,45,74.6153846153846,0.692307692307692,0.8,"coronal","coronal","non-high","back"
"Basque","m8","m","tanta",10,2,"t","voiceless","ta","a",4,45,74.6153846153846,0.692307692307692,0.8,"coronal","coronal","non-high","back"
"Basque","m8","m","tanto",9,2,"t","voiceless","ta","a",4,45,74.6153846153846,0.692307692307692,0.8,"coronal","coronal","non-high","back"
"Basque","m8","m","tarta",11,2,"t","voiceless","ta","a",4,45,74.6153846153846,0.692307692307692,0.8,"coronal","coronal","non-high","back"
"Basque","m8","m","te",16,1,"t","voiceless","te","e",4,45,74.6153846153846,0.692307692307692,0.8,"coronal","coronal","non-high","front"
"Basque","m8","m","teila",22,2,"t","voiceless","te","e",4,45,74.6153846153846,0.692307692307692,0.8,"coronal","coronal","non-high","front"
"Basque","m8","m","tigre",32,2,"t","voiceless","ti","i",4,45,74.6153846153846,0.692307692307692,0.8,"coronal","coronal","high","front"
"Basque","m8","m","tinta",27,2,"t","voiceless","ti","i",4,45,74.6153846153846,0.692307692307692,0.8,"coronal","coronal","high","front"
"Basque","m8","m","tunel",13,2,"t","voiceless","tu","u",4,45,74.6153846153846,0.692307692307692,0.8,"coronal","coronal","high","back"
"Basque","m8","m","tutu",19,2,"t","voiceless","tu","u",4,45,74.6153846153846,0.692307692307692,0.8,"coronal","coronal","high","back"
"Spanish","m8","m","barba",-83,2,"b","voiced","ba","a",4,45,74.6153846153846,0.692307692307692,0.8,"labial","labial","non-high","back"
"Spanish","m8","m","barca",-85,2,"b","voiced","ba","a",4,45,74.6153846153846,0.692307692307692,0.8,"labial","labial","non-high","back"
"Spanish","m8","m","bata",-91,2,"b","voiced","ba","a",4,45,74.6153846153846,0.692307692307692,0.8,"labial","labial","non-high","back"
"Spanish","m8","m","bici",-84,2,"b","voiced","bi","i",4,45,74.6153846153846,0.692307692307692,0.8,"labial","labial","high","front"
"Spanish","m8","m","boca",-69,2,"b","voiced","bo","o",4,45,74.6153846153846,0.692307692307692,0.8,"labial","labial","non-high","back"
"Spanish","m8","m","bolsa",-77,2,"b","voiced","bo","o",4,45,74.6153846153846,0.692307692307692,0.8,"labial","labial","non-high","back"
"Spanish","m8","m","bolso",-63,2,"b","voiced","bo","o",4,45,74.6153846153846,0.692307692307692,0.8,"labial","labial","non-high","back"
"Spanish","m8","m","bosque",-84,2,"b","voiced","bo","o",4,45,74.6153846153846,0.692307692307692,0.8,"labial","labial","non-high","back"
"Spanish","m8","m","buho",-118,2,"b","voiced","bu","u",4,45,74.6153846153846,0.692307692307692,0.8,"labial","labial","high","back"
"Spanish","m8","m","burro",-113,2,"b","voiced","bu","u",4,45,74.6153846153846,0.692307692307692,0.8,"labial","labial","high","back"
"Spanish","m8","m","cabra",23,2,"k","voiceless","ka","a",4,45,74.6153846153846,0.692307692307692,0.8,"dorsal","dorsal","non-high","back"
"Spanish","m8","m","calvo",34,2,"k","voiceless","ka","a",4,45,74.6153846153846,0.692307692307692,0.8,"dorsal","dorsal","non-high","back"
"Spanish","m8","m","cama",27,2,"k","voiceless","ka","a",4,45,74.6153846153846,0.692307692307692,0.8,"dorsal","dorsal","non-high","back"
"Spanish","m8","m","carcel",29,2,"k","voiceless","ka","a",4,45,74.6153846153846,0.692307692307692,0.8,"dorsal","dorsal","non-high","back"
"Spanish","m8","m","carne",25,2,"k","voiceless","ka","a",4,45,74.6153846153846,0.692307692307692,0.8,"dorsal","dorsal","non-high","back"
"Spanish","m8","m","carro",18,2,"k","voiceless","ka","a",4,45,74.6153846153846,0.692307692307692,0.8,"dorsal","dorsal","non-high","back"
"Spanish","m8","m","carta",22,2,"k","voiceless","ka","a",4,45,74.6153846153846,0.692307692307692,0.8,"dorsal","dorsal","non-high","back"
"Spanish","m8","m","casa",27,2,"k","voiceless","ka","a",4,45,74.6153846153846,0.692307692307692,0.8,"dorsal","dorsal","non-high","back"
"Spanish","m8","m","codo",20,2,"k","voiceless","ko","o",4,45,74.6153846153846,0.692307692307692,0.8,"dorsal","dorsal","non-high","back"
"Spanish","m8","m","culo",35,2,"k","voiceless","ku","u",4,45,74.6153846153846,0.692307692307692,0.8,"dorsal","dorsal","high","back"
"Spanish","m8","m","dado",-123,2,"d","voiced","da","a",4,45,74.6153846153846,0.692307692307692,0.8,"coronal","coronal","non-high","back"
"Spanish","m8","m","danza",-94,2,"d","voiced","da","a",4,45,74.6153846153846,0.692307692307692,0.8,"coronal","coronal","non-high","back"
"Spanish","m8","m","dardo",-74,2,"d","voiced","da","a",4,45,74.6153846153846,0.692307692307692,0.8,"coronal","coronal","non-high","back"
"Spanish","m8","m","dedo",-82,2,"d","voiced","de","e",4,45,74.6153846153846,0.692307692307692,0.8,"coronal","coronal","non-high","front"
"Spanish","m8","m","dia",-100,2,"d","voiced","di","i",4,45,74.6153846153846,0.692307692307692,0.8,"coronal","coronal","high","front"
"Spanish","m8","m","doble",-89,2,"d","voiced","do","o",4,45,74.6153846153846,0.692307692307692,0.8,"coronal","coronal","non-high","back"
"Spanish","m8","m","doce",-91,2,"d","voiced","do","o",4,45,74.6153846153846,0.692307692307692,0.8,"coronal","coronal","non-high","back"
"Spanish","m8","m","dos",-79,1,"d","voiced","do","o",4,45,74.6153846153846,0.692307692307692,0.8,"coronal","coronal","non-high","back"
"Spanish","m8","m","dulces",-100,2,"d","voiced","du","u",4,45,74.6153846153846,0.692307692307692,0.8,"coronal","coronal","high","back"
"Spanish","m8","m","duro",-98,2,"d","voiced","du","u",4,45,74.6153846153846,0.692307692307692,0.8,"coronal","coronal","high","back"
"Spanish","m8","m","gafas",-66,2,"g","voiced","ga","a",4,45,74.6153846153846,0.692307692307692,0.8,"dorsal","dorsal","non-high","back"
"Spanish","m8","m","gallo",-54,2,"g","voiced","ga","a",4,45,74.6153846153846,0.692307692307692,0.8,"dorsal","dorsal","non-high","back"
"Spanish","m8","m","garra",-76,2,"g","voiced","ga","a",4,45,74.6153846153846,0.692307692307692,0.8,"dorsal","dorsal","non-high","back"
"Spanish","m8","m","gato",-70,2,"g","voiced","ga","a",4,45,74.6153846153846,0.692307692307692,0.8,"dorsal","dorsal","non-high","back"
"Spanish","m8","m","golf",-49,1,"g","voiced","go","o",4,45,74.6153846153846,0.692307692307692,0.8,"dorsal","dorsal","non-high","back"
"Spanish","m8","m","golpe",-104,2,"g","voiced","go","o",4,45,74.6153846153846,0.692307692307692,0.8,"dorsal","dorsal","non-high","back"
"Spanish","m8","m","gordo",-74,2,"g","voiced","go","o",4,45,74.6153846153846,0.692307692307692,0.8,"dorsal","dorsal","non-high","back"
"Spanish","m8","m","gorra",-81,2,"g","voiced","go","o",4,45,74.6153846153846,0.692307692307692,0.8,"dorsal","dorsal","non-high","back"
"Spanish","m8","m","gota",-76,2,"g","voiced","go","o",4,45,74.6153846153846,0.692307692307692,0.8,"dorsal","dorsal","non-high","back"
"Spanish","m8","m","guino",-91,2,"g","voiced","gu","u",4,45,74.6153846153846,0.692307692307692,0.8,"dorsal","dorsal","high","back"
"Spanish","m8","m","pico",9,2,"p","voiceless","pi","i",4,45,74.6153846153846,0.692307692307692,0.8,"labial","labial","high","front"
"Spanish","m8","m","pina",12,2,"p","voiceless","pi","i",4,45,74.6153846153846,0.692307692307692,0.8,"labial","labial","high","front"
"Spanish","m8","m","pino",10,2,"p","voiceless","pi","i",4,45,74.6153846153846,0.692307692307692,0.8,"labial","labial","high","front"
"Spanish","m8","m","pinza",9,2,"p","voiceless","pi","i",4,45,74.6153846153846,0.692307692307692,0.8,"labial","labial","high","front"
"Spanish","m8","m","pipas",8,2,"p","voiceless","pi","i",4,45,74.6153846153846,0.692307692307692,0.8,"labial","labial","high","front"
"Spanish","m8","m","pollo",12,2,"p","voiceless","po","o",4,45,74.6153846153846,0.692307692307692,0.8,"labial","labial","non-high","back"
"Spanish","m8","m","pua",21,2,"p","voiceless","pu","u",4,45,74.6153846153846,0.692307692307692,0.8,"labial","labial","high","back"
"Spanish","m8","m","pulpo",15,2,"p","voiceless","pu","u",4,45,74.6153846153846,0.692307692307692,0.8,"labial","labial","high","back"
"Spanish","m8","m","puno",16,2,"p","voiceless","pu","u",4,45,74.6153846153846,0.692307692307692,0.8,"labial","labial","high","back"
"Spanish","m8","m","puzle",24,2,"p","voiceless","pu","u",4,45,74.6153846153846,0.692307692307692,0.8,"labial","labial","high","back"
"Spanish","m8","m","tanque",15,2,"t","voiceless","ta","a",4,45,74.6153846153846,0.692307692307692,0.8,"coronal","coronal","non-high","back"
"Spanish","m8","m","tarro",12,2,"t","voiceless","ta","a",4,45,74.6153846153846,0.692307692307692,0.8,"coronal","coronal","non-high","back"
"Spanish","m8","m","taza",20,2,"t","voiceless","ta","a",4,45,74.6153846153846,0.692307692307692,0.8,"coronal","coronal","non-high","back"
"Spanish","m8","m","techo",14,2,"t","voiceless","te","e",4,45,74.6153846153846,0.692307692307692,0.8,"coronal","coronal","non-high","front"
"Spanish","m8","m","teja",14,2,"t","voiceless","te","e",4,45,74.6153846153846,0.692307692307692,0.8,"coronal","coronal","non-high","front"
"Spanish","m8","m","timbre",24,2,"t","voiceless","ti","i",4,45,74.6153846153846,0.692307692307692,0.8,"coronal","coronal","high","front"
"Spanish","m8","m","tiza",21,2,"t","voiceless","ti","i",4,45,74.6153846153846,0.692307692307692,0.8,"coronal","coronal","high","front"
"Spanish","m8","m","toro",14,2,"t","voiceless","to","o",4,45,74.6153846153846,0.692307692307692,0.8,"coronal","coronal","non-high","back"
"Spanish","m8","m","tubo",14,2,"t","voiceless","tu","u",4,45,74.6153846153846,0.692307692307692,0.8,"coronal","coronal","high","back"
"Spanish","m8","m","tumba",18,2,"t","voiceless","tu","u",4,45,74.6153846153846,0.692307692307692,0.8,"coronal","coronal","high","back"
"Spanish","m2","m","barba",-41,2,"b","voiced","ba","a",3,49,67.6923076923077,0.753846153846154,0.6,"labial","labial","non-high","back"
"Spanish","m2","m","barca",-35,2,"b","voiced","ba","a",3,49,67.6923076923077,0.753846153846154,0.6,"labial","labial","non-high","back"
"Spanish","m2","m","bata",-104,2,"b","voiced","ba","a",3,49,67.6923076923077,0.753846153846154,0.6,"labial","labial","non-high","back"
"Spanish","m2","m","bici",-164,2,"b","voiced","bi","i",3,49,67.6923076923077,0.753846153846154,0.6,"labial","labial","high","front"
"Spanish","m2","m","boca",-121,2,"b","voiced","bo","o",3,49,67.6923076923077,0.753846153846154,0.6,"labial","labial","non-high","back"
"Spanish","m2","m","bolsa",-104,2,"b","voiced","bo","o",3,49,67.6923076923077,0.753846153846154,0.6,"labial","labial","non-high","back"
"Spanish","m2","m","bolso",-26,2,"b","voiced","bo","o",3,49,67.6923076923077,0.753846153846154,0.6,"labial","labial","non-high","back"
"Spanish","m2","m","bosque",-66,2,"b","voiced","bo","o",3,49,67.6923076923077,0.753846153846154,0.6,"labial","labial","non-high","back"
"Spanish","m2","m","buho",-124,2,"b","voiced","bu","u",3,49,67.6923076923077,0.753846153846154,0.6,"labial","labial","high","back"
"Spanish","m2","m","burro",-80,2,"b","voiced","bu","u",3,49,67.6923076923077,0.753846153846154,0.6,"labial","labial","high","back"
"Spanish","m2","m","cabra",31,2,"k","voiceless","ka","a",3,49,67.6923076923077,0.753846153846154,0.6,"dorsal","dorsal","non-high","back"
"Spanish","m2","m","calvo",29,2,"k","voiceless","ka","a",3,49,67.6923076923077,0.753846153846154,0.6,"dorsal","dorsal","non-high","back"
"Spanish","m2","m","cama",28,2,"k","voiceless","ka","a",3,49,67.6923076923077,0.753846153846154,0.6,"dorsal","dorsal","non-high","back"
"Spanish","m2","m","carcel",39,2,"k","voiceless","ka","a",3,49,67.6923076923077,0.753846153846154,0.6,"dorsal","dorsal","non-high","back"
"Spanish","m2","m","carne",29,2,"k","voiceless","ka","a",3,49,67.6923076923077,0.753846153846154,0.6,"dorsal","dorsal","non-high","back"
"Spanish","m2","m","carro",29,2,"k","voiceless","ka","a",3,49,67.6923076923077,0.753846153846154,0.6,"dorsal","dorsal","non-high","back"
"Spanish","m2","m","carta",24,2,"k","voiceless","ka","a",3,49,67.6923076923077,0.753846153846154,0.6,"dorsal","dorsal","non-high","back"
"Spanish","m2","m","casa",33,2,"k","voiceless","ka","a",3,49,67.6923076923077,0.753846153846154,0.6,"dorsal","dorsal","non-high","back"
"Spanish","m2","m","codo",40,2,"k","voiceless","ko","o",3,49,67.6923076923077,0.753846153846154,0.6,"dorsal","dorsal","non-high","back"
"Spanish","m2","m","culo",50,2,"k","voiceless","ku","u",3,49,67.6923076923077,0.753846153846154,0.6,"dorsal","dorsal","high","back"
"Spanish","m2","m","dado",-148,2,"d","voiced","da","a",3,49,67.6923076923077,0.753846153846154,0.6,"coronal","coronal","non-high","back"
"Spanish","m2","m","danza",-40,2,"d","voiced","da","a",3,49,67.6923076923077,0.753846153846154,0.6,"coronal","coronal","non-high","back"
"Spanish","m2","m","dardo",-52,2,"d","voiced","da","a",3,49,67.6923076923077,0.753846153846154,0.6,"coronal","coronal","non-high","back"
"Spanish","m2","m","dedo",-116,2,"d","voiced","de","e",3,49,67.6923076923077,0.753846153846154,0.6,"coronal","coronal","non-high","front"
"Spanish","m2","m","dia",-176,2,"d","voiced","di","i",3,49,67.6923076923077,0.753846153846154,0.6,"coronal","coronal","high","front"
"Spanish","m2","m","doble",-66,2,"d","voiced","do","o",3,49,67.6923076923077,0.753846153846154,0.6,"coronal","coronal","non-high","back"
"Spanish","m2","m","doce",-44,2,"d","voiced","do","o",3,49,67.6923076923077,0.753846153846154,0.6,"coronal","coronal","non-high","back"
"Spanish","m2","m","dos",-52,1,"d","voiced","do","o",3,49,67.6923076923077,0.753846153846154,0.6,"coronal","coronal","non-high","back"
"Spanish","m2","m","dulces",-60,2,"d","voiced","du","u",3,49,67.6923076923077,0.753846153846154,0.6,"coronal","coronal","high","back"
"Spanish","m2","m","duro",-207,2,"d","voiced","du","u",3,49,67.6923076923077,0.753846153846154,0.6,"coronal","coronal","high","back"
"Spanish","m2","m","gafas",-35,2,"g","voiced","ga","a",3,49,67.6923076923077,0.753846153846154,0.6,"dorsal","dorsal","non-high","back"
"Spanish","m2","m","gallo",-58,2,"g","voiced","ga","a",3,49,67.6923076923077,0.753846153846154,0.6,"dorsal","dorsal","non-high","back"
"Spanish","m2","m","garra",-23,2,"g","voiced","ga","a",3,49,67.6923076923077,0.753846153846154,0.6,"dorsal","dorsal","non-high","back"
"Spanish","m2","m","gato",-112,2,"g","voiced","ga","a",3,49,67.6923076923077,0.753846153846154,0.6,"dorsal","dorsal","non-high","back"
"Spanish","m2","m","golf",-109,1,"g","voiced","go","o",3,49,67.6923076923077,0.753846153846154,0.6,"dorsal","dorsal","non-high","back"
"Spanish","m2","m","golpe",-29,2,"g","voiced","go","o",3,49,67.6923076923077,0.753846153846154,0.6,"dorsal","dorsal","non-high","back"
"Spanish","m2","m","gorra",-108,2,"g","voiced","go","o",3,49,67.6923076923077,0.753846153846154,0.6,"dorsal","dorsal","non-high","back"
"Spanish","m2","m","gota",-36,2,"g","voiced","go","o",3,49,67.6923076923077,0.753846153846154,0.6,"dorsal","dorsal","non-high","back"
"Spanish","m2","m","guino",-99,2,"g","voiced","gu","u",3,49,67.6923076923077,0.753846153846154,0.6,"dorsal","dorsal","high","back"
"Spanish","m2","m","gordo",-126,2,"g","voiced","go","o",3,49,67.6923076923077,0.753846153846154,0.6,"dorsal","dorsal","non-high","back"
"Spanish","m2","m","pico",8,2,"p","voiceless","pi","i",3,49,67.6923076923077,0.753846153846154,0.6,"labial","labial","high","front"
"Spanish","m2","m","pina",8,2,"p","voiceless","pi","i",3,49,67.6923076923077,0.753846153846154,0.6,"labial","labial","high","front"
"Spanish","m2","m","pino",7,2,"p","voiceless","pi","i",3,49,67.6923076923077,0.753846153846154,0.6,"labial","labial","high","front"
"Spanish","m2","m","pinza",14,2,"p","voiceless","pi","i",3,49,67.6923076923077,0.753846153846154,0.6,"labial","labial","high","front"
"Spanish","m2","m","pipas",10,2,"p","voiceless","pi","i",3,49,67.6923076923077,0.753846153846154,0.6,"labial","labial","high","front"
"Spanish","m2","m","pollo",35,2,"p","voiceless","po","o",3,49,67.6923076923077,0.753846153846154,0.6,"labial","labial","non-high","back"
"Spanish","m2","m","pua",15,2,"p","voiceless","pu","u",3,49,67.6923076923077,0.753846153846154,0.6,"labial","labial","high","back"
"Spanish","m2","m","pulpo",32,2,"p","voiceless","pu","u",3,49,67.6923076923077,0.753846153846154,0.6,"labial","labial","high","back"
"Spanish","m2","m","puno",23,2,"p","voiceless","pu","u",3,49,67.6923076923077,0.753846153846154,0.6,"labial","labial","high","back"
"Spanish","m2","m","puzle",16,2,"p","voiceless","pu","u",3,49,67.6923076923077,0.753846153846154,0.6,"labial","labial","high","back"
"Spanish","m2","m","tanque",11,2,"t","voiceless","ta","a",3,49,67.6923076923077,0.753846153846154,0.6,"coronal","coronal","non-high","back"
"Spanish","m2","m","tarro",10,2,"t","voiceless","ta","a",3,49,67.6923076923077,0.753846153846154,0.6,"coronal","coronal","non-high","back"
"Spanish","m2","m","taza",19,2,"t","voiceless","ta","a",3,49,67.6923076923077,0.753846153846154,0.6,"coronal","coronal","non-high","back"
"Spanish","m2","m","techo",10,2,"t","voiceless","te","e",3,49,67.6923076923077,0.753846153846154,0.6,"coronal","coronal","non-high","front"
"Spanish","m2","m","teja",11,2,"t","voiceless","te","e",3,49,67.6923076923077,0.753846153846154,0.6,"coronal","coronal","non-high","front"
"Spanish","m2","m","timbre",30,2,"t","voiceless","ti","i",3,49,67.6923076923077,0.753846153846154,0.6,"coronal","coronal","high","front"
"Spanish","m2","m","tiza",19,2,"t","voiceless","ti","i",3,49,67.6923076923077,0.753846153846154,0.6,"coronal","coronal","high","front"
"Spanish","m2","m","toro",10,2,"t","voiceless","to","o",3,49,67.6923076923077,0.753846153846154,0.6,"coronal","coronal","non-high","back"
"Spanish","m2","m","tubo",24,2,"t","voiceless","tu","u",3,49,67.6923076923077,0.753846153846154,0.6,"coronal","coronal","high","back"
"Spanish","m2","m","tumba",12,2,"t","voiceless","tu","u",3,49,67.6923076923077,0.753846153846154,0.6,"coronal","coronal","high","back"
"Basque","m2","m","bat",-30,1,"b","voiced","ba","a",3,49,67.6923076923077,0.753846153846154,0.6,"labial","labial","non-high","back"
"Basque","m2","m","begi",-57,2,"b","voiced","be","e",3,49,67.6923076923077,0.753846153846154,0.6,"labial","labial","non-high","front"
"Basque","m2","m","behi",-62,1,"b","voiced","be","e",3,49,67.6923076923077,0.753846153846154,0.6,"labial","labial","non-high","front"
"Basque","m2","m","beltz",-87,1,"b","voiced","be","e",3,49,67.6923076923077,0.753846153846154,0.6,"labial","labial","non-high","front"
"Basque","m2","m","berde",-51,2,"b","voiced","be","e",3,49,67.6923076923077,0.753846153846154,0.6,"labial","labial","non-high","front"
"Basque","m2","m","beso",-91,2,"b","voiced","be","e",3,49,67.6923076923077,0.753846153846154,0.6,"labial","labial","non-high","front"
"Basque","m2","m","bi",-94,1,"b","voiced","bi","i",3,49,67.6923076923077,0.753846153846154,0.6,"labial","labial","high","front"
"Basque","m2","m","bide",-57,2,"b","voiced","bi","i",3,49,67.6923076923077,0.753846153846154,0.6,"labial","labial","high","front"
"Basque","m2","m","bihotz",-40,1,"b","voiced","bi","i",3,49,67.6923076923077,0.753846153846154,0.6,"labial","labial","high","front"
"Basque","m2","m","bost",-80,1,"b","voiced","bo","o",3,49,67.6923076923077,0.753846153846154,0.6,"labial","labial","non-high","back"
"Basque","m2","m","dantza",-77,2,"d","voiced","da","a",3,49,67.6923076923077,0.753846153846154,0.6,"coronal","coronal","non-high","back"
"Basque","m2","m","data",-58,2,"d","voiced","da","a",3,49,67.6923076923077,0.753846153846154,0.6,"coronal","coronal","non-high","back"
"Basque","m2","m","dei",-56,1,"d","voiced","de","e",3,49,67.6923076923077,0.753846153846154,0.6,"coronal","coronal","non-high","front"
"Basque","m2","m","denda",-65,2,"d","voiced","de","e",3,49,67.6923076923077,0.753846153846154,0.6,"coronal","coronal","non-high","front"
"Basque","m2","m","dike",-115,2,"d","voiced","di","i",3,49,67.6923076923077,0.753846153846154,0.6,"coronal","coronal","high","front"
"Basque","m2","m","diru",-84,2,"d","voiced","di","i",3,49,67.6923076923077,0.753846153846154,0.6,"coronal","coronal","high","front"
"Basque","m2","m","done",-78,2,"d","voiced","do","o",3,49,67.6923076923077,0.753846153846154,0.6,"coronal","coronal","non-high","back"
"Basque","m2","m","donuts",-25,2,"d","voiced","do","o",3,49,67.6923076923077,0.753846153846154,0.6,"coronal","coronal","non-high","back"
"Basque","m2","m","dorre",-63,2,"d","voiced","do","o",3,49,67.6923076923077,0.753846153846154,0.6,"coronal","coronal","non-high","back"
"Basque","m2","m","dutxa",-63,2,"d","voiced","du","u",3,49,67.6923076923077,0.753846153846154,0.6,"coronal","coronal","high","back"
"Basque","m2","m","ganba",-44,2,"g","voiced","ga","a",3,49,67.6923076923077,0.753846153846154,0.6,"dorsal","dorsal","non-high","back"
"Basque","m2","m","garbi",-51,2,"g","voiced","ga","a",3,49,67.6923076923077,0.753846153846154,0.6,"dorsal","dorsal","non-high","back"
"Basque","m2","m","gatz",-60,1,"g","voiced","ga","a",3,49,67.6923076923077,0.753846153846154,0.6,"dorsal","dorsal","non-high","back"
"Basque","m2","m","gazta",-39,2,"g","voiced","ga","a",3,49,67.6923076923077,0.753846153846154,0.6,"dorsal","dorsal","non-high","back"
"Basque","m2","m","gehi",-83,1,"g","voiced","ge","e",3,49,67.6923076923077,0.753846153846154,0.6,"dorsal","dorsal","non-high","front"
"Basque","m2","m","gela",-92,2,"g","voiced","ge","e",3,49,67.6923076923077,0.753846153846154,0.6,"dorsal","dorsal","non-high","front"
"Basque","m2","m","gezi",-36,2,"g","voiced","ge","e",3,49,67.6923076923077,0.753846153846154,0.6,"dorsal","dorsal","non-high","front"
"Basque","m2","m","giltza",-46,2,"g","voiced","gi","i",3,49,67.6923076923077,0.753846153846154,0.6,"dorsal","dorsal","high","front"
"Basque","m2","m","gorri",-69,2,"g","voiced","go","o",3,49,67.6923076923077,0.753846153846154,0.6,"dorsal","dorsal","non-high","back"
"Basque","m2","m","kanpo",26,2,"k","voiceless","ka","a",3,49,67.6923076923077,0.753846153846154,0.6,"dorsal","dorsal","non-high","back"
"Basque","m2","m","karga",28,2,"k","voiceless","ka","a",3,49,67.6923076923077,0.753846153846154,0.6,"dorsal","dorsal","non-high","back"
"Basque","m2","m","ke",29,1,"k","voiceless","ke","e",3,49,67.6923076923077,0.753846153846154,0.6,"dorsal","dorsal","non-high","front"
"Basque","m2","m","keinu",27,2,"k","voiceless","ke","e",3,49,67.6923076923077,0.753846153846154,0.6,"dorsal","dorsal","non-high","front"
"Basque","m2","m","ken",19,1,"k","voiceless","ke","e",3,49,67.6923076923077,0.753846153846154,0.6,"dorsal","dorsal","non-high","front"
"Basque","m2","m","koko",30,2,"k","voiceless","ko","o",3,49,67.6923076923077,0.753846153846154,0.6,"dorsal","dorsal","non-high","back"
"Basque","m2","m","kolpe",20,2,"k","voiceless","ko","o",3,49,67.6923076923077,0.753846153846154,0.6,"dorsal","dorsal","non-high","back"
"Basque","m2","m","kontu",26,2,"k","voiceless","ko","o",3,49,67.6923076923077,0.753846153846154,0.6,"dorsal","dorsal","non-high","back"
"Basque","m2","m","kopa",28,2,"k","voiceless","ko","o",3,49,67.6923076923077,0.753846153846154,0.6,"dorsal","dorsal","non-high","back"
"Basque","m2","m","kutxa",25,2,"k","voiceless","ku","u",3,49,67.6923076923077,0.753846153846154,0.6,"dorsal","dorsal","high","back"
"Basque","m2","m","pila",7,2,"p","voiceless","pi","i",3,49,67.6923076923077,0.753846153846154,0.6,"labial","labial","high","front"
"Basque","m2","m","pintxo",12,2,"p","voiceless","pi","i",3,49,67.6923076923077,0.753846153846154,0.6,"labial","labial","high","front"
"Basque","m2","m","pipa",8,2,"p","voiceless","pi","i",3,49,67.6923076923077,0.753846153846154,0.6,"labial","labial","high","front"
"Basque","m2","m","pisu",7,2,"p","voiceless","pi","i",3,49,67.6923076923077,0.753846153846154,0.6,"labial","labial","high","front"
"Basque","m2","m","porru",12,2,"p","voiceless","po","o",3,49,67.6923076923077,0.753846153846154,0.6,"labial","labial","non-high","back"
"Basque","m2","m","pultsu",12,2,"p","voiceless","pu","u",3,49,67.6923076923077,0.753846153846154,0.6,"labial","labial","high","back"
"Basque","m2","m","puma",17,2,"p","voiceless","pu","u",3,49,67.6923076923077,0.753846153846154,0.6,"labial","labial","high","back"
"Basque","m2","m","punta",23,2,"p","voiceless","pu","u",3,49,67.6923076923077,0.753846153846154,0.6,"labial","labial","high","back"
"Basque","m2","m","putre",11,2,"p","voiceless","pu","u",3,49,67.6923076923077,0.753846153846154,0.6,"labial","labial","high","back"
"Basque","m2","m","putz",8,1,"p","voiceless","pu","u",3,49,67.6923076923077,0.753846153846154,0.6,"labial","labial","high","back"
"Basque","m2","m","talde",15,2,"t","voiceless","ta","a",3,49,67.6923076923077,0.753846153846154,0.6,"coronal","coronal","non-high","back"
"Basque","m2","m","tanta",11,2,"t","voiceless","ta","a",3,49,67.6923076923077,0.753846153846154,0.6,"coronal","coronal","non-high","back"
"Basque","m2","m","tanto",11,2,"t","voiceless","ta","a",3,49,67.6923076923077,0.753846153846154,0.6,"coronal","coronal","non-high","back"
"Basque","m2","m","tarta",11,2,"t","voiceless","ta","a",3,49,67.6923076923077,0.753846153846154,0.6,"coronal","coronal","non-high","back"
"Basque","m2","m","te",9,1,"t","voiceless","te","e",3,49,67.6923076923077,0.753846153846154,0.6,"coronal","coronal","non-high","front"
"Basque","m2","m","teila",10,2,"t","voiceless","te","e",3,49,67.6923076923077,0.753846153846154,0.6,"coronal","coronal","non-high","front"
"Basque","m2","m","tigre",25,2,"t","voiceless","ti","i",3,49,67.6923076923077,0.753846153846154,0.6,"coronal","coronal","high","front"
"Basque","m2","m","tinta",22,2,"t","voiceless","ti","i",3,49,67.6923076923077,0.753846153846154,0.6,"coronal","coronal","high","front"
"Basque","m2","m","tunel",26,2,"t","voiceless","tu","u",3,49,67.6923076923077,0.753846153846154,0.6,"coronal","coronal","high","back"
"Basque","m2","m","tutu",22,2,"t","voiceless","tu","u",3,49,67.6923076923077,0.753846153846154,0.6,"coronal","coronal","high","back"
"Spanish","f8","f","barba",-57,2,"b","voiced","ba","a",3,52,70,0.8,0.6,"labial","labial","non-high","back"
"Spanish","f8","f","barca",-51,2,"b","voiced","ba","a",3,52,70,0.8,0.6,"labial","labial","non-high","back"
"Spanish","f8","f","bata",-81,2,"b","voiced","ba","a",3,52,70,0.8,0.6,"labial","labial","non-high","back"
"Spanish","f8","f","bici",-53,2,"b","voiced","bi","i",3,52,70,0.8,0.6,"labial","labial","high","front"
"Spanish","f8","f","boca",-67,2,"b","voiced","bo","o",3,52,70,0.8,0.6,"labial","labial","non-high","back"
"Spanish","f8","f","bolso",-96,2,"b","voiced","bo","o",3,52,70,0.8,0.6,"labial","labial","non-high","back"
"Spanish","f8","f","bosque",-19,2,"b","voiced","bo","o",3,52,70,0.8,0.6,"labial","labial","non-high","back"
"Spanish","f8","f","buho",-68,2,"b","voiced","bu","u",3,52,70,0.8,0.6,"labial","labial","high","back"
"Spanish","f8","f","burro",-54,2,"b","voiced","bu","u",3,52,70,0.8,0.6,"labial","labial","high","back"
"Spanish","f8","f","cabra",18,2,"k","voiceless","ka","a",3,52,70,0.8,0.6,"dorsal","dorsal","non-high","back"
"Spanish","f8","f","calvo",21,2,"k","voiceless","ka","a",3,52,70,0.8,0.6,"dorsal","dorsal","non-high","back"
"Spanish","f8","f","cama",25,2,"k","voiceless","ka","a",3,52,70,0.8,0.6,"dorsal","dorsal","non-high","back"
"Spanish","f8","f","carcel",33,2,"k","voiceless","ka","a",3,52,70,0.8,0.6,"dorsal","dorsal","non-high","back"
"Spanish","f8","f","carne",33,2,"k","voiceless","ka","a",3,52,70,0.8,0.6,"dorsal","dorsal","non-high","back"
"Spanish","f8","f","carro",26,2,"k","voiceless","ka","a",3,52,70,0.8,0.6,"dorsal","dorsal","non-high","back"
"Spanish","f8","f","carta",20,2,"k","voiceless","ka","a",3,52,70,0.8,0.6,"dorsal","dorsal","non-high","back"
"Spanish","f8","f","casa",31,2,"k","voiceless","ka","a",3,52,70,0.8,0.6,"dorsal","dorsal","non-high","back"
"Spanish","f8","f","codo",27,2,"k","voiceless","ko","o",3,52,70,0.8,0.6,"dorsal","dorsal","non-high","back"
"Spanish","f8","f","culo",35,2,"k","voiceless","ku","u",3,52,70,0.8,0.6,"dorsal","dorsal","high","back"
"Spanish","f8","f","dado",-43,2,"d","voiced","da","a",3,52,70,0.8,0.6,"coronal","coronal","non-high","back"
"Spanish","f8","f","danza",-33,2,"d","voiced","da","a",3,52,70,0.8,0.6,"coronal","coronal","non-high","back"
"Spanish","f8","f","dardo",-32,2,"d","voiced","da","a",3,52,70,0.8,0.6,"coronal","coronal","non-high","back"
"Spanish","f8","f","dedo",-51,2,"d","voiced","de","e",3,52,70,0.8,0.6,"coronal","coronal","non-high","front"
"Spanish","f8","f","dia",-61,2,"d","voiced","di","i",3,52,70,0.8,0.6,"coronal","coronal","high","front"
"Spanish","f8","f","doble",-57,2,"d","voiced","do","o",3,52,70,0.8,0.6,"coronal","coronal","non-high","back"
"Spanish","f8","f","doce",-70,2,"d","voiced","do","o",3,52,70,0.8,0.6,"coronal","coronal","non-high","back"
"Spanish","f8","f","dos",-43,1,"d","voiced","do","o",3,52,70,0.8,0.6,"coronal","coronal","non-high","back"
"Spanish","f8","f","dulces",-55,2,"d","voiced","du","u",3,52,70,0.8,0.6,"coronal","coronal","high","back"
"Spanish","f8","f","duro",-86,2,"d","voiced","du","u",3,52,70,0.8,0.6,"coronal","coronal","high","back"
"Spanish","f8","f","gallo",-58,2,"g","voiced","ga","a",3,52,70,0.8,0.6,"dorsal","dorsal","non-high","back"
"Spanish","f8","f","garra",-27,2,"g","voiced","ga","a",3,52,70,0.8,0.6,"dorsal","dorsal","non-high","back"
"Spanish","f8","f","gato",-82,2,"g","voiced","ga","a",3,52,70,0.8,0.6,"dorsal","dorsal","non-high","back"
"Spanish","f8","f","golf",-31,1,"g","voiced","go","o",3,52,70,0.8,0.6,"dorsal","dorsal","non-high","back"
"Spanish","f8","f","golpe",-35,2,"g","voiced","go","o",3,52,70,0.8,0.6,"dorsal","dorsal","non-high","back"
"Spanish","f8","f","gorra",-49,2,"g","voiced","go","o",3,52,70,0.8,0.6,"dorsal","dorsal","non-high","back"
"Spanish","f8","f","gota",-48,2,"g","voiced","go","o",3,52,70,0.8,0.6,"dorsal","dorsal","non-high","back"
"Spanish","f8","f","guino",-32,2,"g","voiced","gu","u",3,52,70,0.8,0.6,"dorsal","dorsal","high","back"
"Spanish","f8","f","gordo",-48,2,"g","voiced","go","o",3,52,70,0.8,0.6,"dorsal","dorsal","non-high","back"
"Spanish","f8","f","pico",17,2,"p","voiceless","pi","i",3,52,70,0.8,0.6,"labial","labial","high","front"
"Spanish","f8","f","pina",15,2,"p","voiceless","pi","i",3,52,70,0.8,0.6,"labial","labial","high","front"
"Spanish","f8","f","pino",20,2,"p","voiceless","pi","i",3,52,70,0.8,0.6,"labial","labial","high","front"
"Spanish","f8","f","pinza",18,2,"p","voiceless","pi","i",3,52,70,0.8,0.6,"labial","labial","high","front"
"Spanish","f8","f","pipas",18,2,"p","voiceless","pi","i",3,52,70,0.8,0.6,"labial","labial","high","front"
"Spanish","f8","f","pollo",19,2,"p","voiceless","po","o",3,52,70,0.8,0.6,"labial","labial","non-high","back"
"Spanish","f8","f","pua",18,2,"p","voiceless","pu","u",3,52,70,0.8,0.6,"labial","labial","high","back"
"Spanish","f8","f","pulpo",19,2,"p","voiceless","pu","u",3,52,70,0.8,0.6,"labial","labial","high","back"
"Spanish","f8","f","puno",32,2,"p","voiceless","pu","u",3,52,70,0.8,0.6,"labial","labial","high","back"
"Spanish","f8","f","puzle",24,2,"p","voiceless","pu","u",3,52,70,0.8,0.6,"labial","labial","high","back"
"Spanish","f8","f","tanque",12,2,"t","voiceless","ta","a",3,52,70,0.8,0.6,"coronal","coronal","non-high","back"
"Spanish","f8","f","tarro",19,2,"t","voiceless","ta","a",3,52,70,0.8,0.6,"coronal","coronal","non-high","back"
"Spanish","f8","f","taza",14,2,"t","voiceless","ta","a",3,52,70,0.8,0.6,"coronal","coronal","non-high","back"
"Spanish","f8","f","techo",14,2,"t","voiceless","te","e",3,52,70,0.8,0.6,"coronal","coronal","non-high","front"
"Spanish","f8","f","teja",20,2,"t","voiceless","te","e",3,52,70,0.8,0.6,"coronal","coronal","non-high","front"
"Spanish","f8","f","timbre",34,2,"t","voiceless","ti","i",3,52,70,0.8,0.6,"coronal","coronal","high","front"
"Spanish","f8","f","tiza",20,2,"t","voiceless","ti","i",3,52,70,0.8,0.6,"coronal","coronal","high","front"
"Spanish","f8","f","toro",16,2,"t","voiceless","to","o",3,52,70,0.8,0.6,"coronal","coronal","non-high","back"
"Spanish","f8","f","tubo",21,2,"t","voiceless","tu","u",3,52,70,0.8,0.6,"coronal","coronal","high","back"
"Spanish","f8","f","tumba",11,2,"t","voiceless","tu","u",3,52,70,0.8,0.6,"coronal","coronal","high","back"
"Basque","f8","f","bat",-26,1,"b","voiced","ba","a",3,52,70,0.8,0.6,"labial","labial","non-high","back"
"Basque","f8","f","begi",-42,2,"b","voiced","be","e",3,52,70,0.8,0.6,"labial","labial","non-high","front"
"Basque","f8","f","behi",-59,1,"b","voiced","be","e",3,52,70,0.8,0.6,"labial","labial","non-high","front"
"Basque","f8","f","beltz",-39,1,"b","voiced","be","e",3,52,70,0.8,0.6,"labial","labial","non-high","front"
"Basque","f8","f","berde",-50,2,"b","voiced","be","e",3,52,70,0.8,0.6,"labial","labial","non-high","front"
"Basque","f8","f","beso",-69,2,"b","voiced","be","e",3,52,70,0.8,0.6,"labial","labial","non-high","front"
"Basque","f8","f","bi",-64,1,"b","voiced","bi","i",3,52,70,0.8,0.6,"labial","labial","high","front"
"Basque","f8","f","dantza",-22,2,"d","voiced","da","a",3,52,70,0.8,0.6,"coronal","coronal","non-high","back"
"Basque","f8","f","data",-29,2,"d","voiced","da","a",3,52,70,0.8,0.6,"coronal","coronal","non-high","back"
"Basque","f8","f","dei",-50,1,"d","voiced","de","e",3,52,70,0.8,0.6,"coronal","coronal","non-high","front"
"Basque","f8","f","dike",-75,2,"d","voiced","di","i",3,52,70,0.8,0.6,"coronal","coronal","high","front"
"Basque","f8","f","diru",-57,2,"d","voiced","di","i",3,52,70,0.8,0.6,"coronal","coronal","high","front"
"Basque","f8","f","done",-87,2,"d","voiced","do","o",3,52,70,0.8,0.6,"coronal","coronal","non-high","back"
"Basque","f8","f","donuts",-47,2,"d","voiced","do","o",3,52,70,0.8,0.6,"coronal","coronal","non-high","back"
"Basque","f8","f","dorre",-62,2,"d","voiced","do","o",3,52,70,0.8,0.6,"coronal","coronal","non-high","back"
"Basque","f8","f","dutxa",-56,2,"d","voiced","du","u",3,52,70,0.8,0.6,"coronal","coronal","high","back"
"Basque","f8","f","galtza",-23,2,"g","voiced","ga","a",3,52,70,0.8,0.6,"dorsal","dorsal","non-high","back"
"Basque","f8","f","ganba",-22,2,"g","voiced","ga","a",3,52,70,0.8,0.6,"dorsal","dorsal","non-high","back"
"Basque","f8","f","garbi",-39,2,"g","voiced","ga","a",3,52,70,0.8,0.6,"dorsal","dorsal","non-high","back"
"Basque","f8","f","gatz",-55,1,"g","voiced","ga","a",3,52,70,0.8,0.6,"dorsal","dorsal","non-high","back"
"Basque","f8","f","gazta",-23,2,"g","voiced","ga","a",3,52,70,0.8,0.6,"dorsal","dorsal","non-high","back"
"Basque","f8","f","gehi",-27,1,"g","voiced","ge","e",3,52,70,0.8,0.6,"dorsal","dorsal","non-high","front"
"Basque","f8","f","gela",-51,2,"g","voiced","ge","e",3,52,70,0.8,0.6,"dorsal","dorsal","non-high","front"
"Basque","f8","f","gezi",-14,2,"g","voiced","ge","e",3,52,70,0.8,0.6,"dorsal","dorsal","non-high","front"
"Basque","f8","f","giltza",-32,2,"g","voiced","gi","i",3,52,70,0.8,0.6,"dorsal","dorsal","high","front"
"Basque","f8","f","gorri",-23,2,"g","voiced","go","o",3,52,70,0.8,0.6,"dorsal","dorsal","non-high","back"
"Basque","f8","f","kanpo",34,2,"k","voiceless","ka","a",3,52,70,0.8,0.6,"dorsal","dorsal","non-high","back"
"Basque","f8","f","karga",14,2,"k","voiceless","ka","a",3,52,70,0.8,0.6,"dorsal","dorsal","non-high","back"
"Basque","f8","f","ke",31,1,"k","voiceless","ke","e",3,52,70,0.8,0.6,"dorsal","dorsal","non-high","front"
"Basque","f8","f","keinu",26,2,"k","voiceless","ke","e",3,52,70,0.8,0.6,"dorsal","dorsal","non-high","front"
"Basque","f8","f","ken",22,1,"k","voiceless","ke","e",3,52,70,0.8,0.6,"dorsal","dorsal","non-high","front"
"Basque","f8","f","koko",27,2,"k","voiceless","ko","o",3,52,70,0.8,0.6,"dorsal","dorsal","non-high","back"
"Basque","f8","f","kolpe",21,2,"k","voiceless","ko","o",3,52,70,0.8,0.6,"dorsal","dorsal","non-high","back"
"Basque","f8","f","kontu",20,2,"k","voiceless","ko","o",3,52,70,0.8,0.6,"dorsal","dorsal","non-high","back"
"Basque","f8","f","kopa",21,2,"k","voiceless","ko","o",3,52,70,0.8,0.6,"dorsal","dorsal","non-high","back"
"Basque","f8","f","kutxa",19,2,"k","voiceless","ku","u",3,52,70,0.8,0.6,"dorsal","dorsal","high","back"
"Basque","f8","f","pila",18,2,"p","voiceless","pi","i",3,52,70,0.8,0.6,"labial","labial","high","front"
"Basque","f8","f","pintxo",17,2,"p","voiceless","pi","i",3,52,70,0.8,0.6,"labial","labial","high","front"
"Basque","f8","f","pipa",7,2,"p","voiceless","pi","i",3,52,70,0.8,0.6,"labial","labial","high","front"
"Basque","f8","f","pisu",16,2,"p","voiceless","pi","i",3,52,70,0.8,0.6,"labial","labial","high","front"
"Basque","f8","f","porru",12,2,"p","voiceless","po","o",3,52,70,0.8,0.6,"labial","labial","non-high","back"
"Basque","f8","f","pultsu",17,2,"p","voiceless","pu","u",3,52,70,0.8,0.6,"labial","labial","high","back"
"Basque","f8","f","puma",26,2,"p","voiceless","pu","u",3,52,70,0.8,0.6,"labial","labial","high","back"
"Basque","f8","f","punta",29,2,"p","voiceless","pu","u",3,52,70,0.8,0.6,"labial","labial","high","back"
"Basque","f8","f","putre",13,2,"p","voiceless","pu","u",3,52,70,0.8,0.6,"labial","labial","high","back"
"Basque","f8","f","putz",13,1,"p","voiceless","pu","u",3,52,70,0.8,0.6,"labial","labial","high","back"
"Basque","f8","f","talde",9,2,"t","voiceless","ta","a",3,52,70,0.8,0.6,"coronal","coronal","non-high","back"
"Basque","f8","f","tanta",21,2,"t","voiceless","ta","a",3,52,70,0.8,0.6,"coronal","coronal","non-high","back"
"Basque","f8","f","tanto",20,2,"t","voiceless","ta","a",3,52,70,0.8,0.6,"coronal","coronal","non-high","back"
"Basque","f8","f","tarta",18,2,"t","voiceless","ta","a",3,52,70,0.8,0.6,"coronal","coronal","non-high","back"
"Basque","f8","f","te",16,1,"t","voiceless","te","e",3,52,70,0.8,0.6,"coronal","coronal","non-high","front"
"Basque","f8","f","teila",11,2,"t","voiceless","te","e",3,52,70,0.8,0.6,"coronal","coronal","non-high","front"
"Basque","f8","f","tigre",20,2,"t","voiceless","ti","i",3,52,70,0.8,0.6,"coronal","coronal","high","front"
"Basque","f8","f","tinta",39,2,"t","voiceless","ti","i",3,52,70,0.8,0.6,"coronal","coronal","high","front"
"Basque","f8","f","tunel",15,2,"t","voiceless","tu","u",3,52,70,0.8,0.6,"coronal","coronal","high","back"
"Basque","f8","f","tutu",27,2,"t","voiceless","tu","u",3,52,70,0.8,0.6,"coronal","coronal","high","back"
"Basque","m4","m","bat",-59,1,"b","voiced","ba","a",4,52,80,0.8,0.8,"labial","labial","non-high","back"
"Basque","m4","m","begi",-63,2,"b","voiced","be","e",4,52,80,0.8,0.8,"labial","labial","non-high","front"
"Basque","m4","m","behi",-103,1,"b","voiced","be","e",4,52,80,0.8,0.8,"labial","labial","non-high","front"
"Basque","m4","m","beltz",-82,1,"b","voiced","be","e",4,52,80,0.8,0.8,"labial","labial","non-high","front"
"Basque","m4","m","berde",-147,2,"b","voiced","be","e",4,52,80,0.8,0.8,"labial","labial","non-high","front"
"Basque","m4","m","beso",-106,2,"b","voiced","be","e",4,52,80,0.8,0.8,"labial","labial","non-high","front"
"Basque","m4","m","bi",-107,1,"b","voiced","bi","i",4,52,80,0.8,0.8,"labial","labial","high","front"
"Basque","m4","m","bide",-99,2,"b","voiced","bi","i",4,52,80,0.8,0.8,"labial","labial","high","front"
"Basque","m4","m","bihotz",-69,1,"b","voiced","bi","i",4,52,80,0.8,0.8,"labial","labial","high","front"
"Basque","m4","m","bost",-64,1,"b","voiced","bo","o",4,52,80,0.8,0.8,"labial","labial","non-high","back"
"Basque","m4","m","dantza",-40,2,"d","voiced","da","a",4,52,80,0.8,0.8,"coronal","coronal","non-high","back"
"Basque","m4","m","data",-77,2,"d","voiced","da","a",4,52,80,0.8,0.8,"coronal","coronal","non-high","back"
"Basque","m4","m","dei",-59,1,"d","voiced","de","e",4,52,80,0.8,0.8,"coronal","coronal","non-high","front"
"Basque","m4","m","denda",-85,2,"d","voiced","de","e",4,52,80,0.8,0.8,"coronal","coronal","non-high","front"
"Basque","m4","m","dike",-93,2,"d","voiced","di","i",4,52,80,0.8,0.8,"coronal","coronal","high","front"
"Basque","m4","m","diru",-36,2,"d","voiced","di","i",4,52,80,0.8,0.8,"coronal","coronal","high","front"
"Basque","m4","m","done",-68,2,"d","voiced","do","o",4,52,80,0.8,0.8,"coronal","coronal","non-high","back"
"Basque","m4","m","donuts",-67,2,"d","voiced","do","o",4,52,80,0.8,0.8,"coronal","coronal","non-high","back"
"Basque","m4","m","dorre",-87,2,"d","voiced","do","o",4,52,80,0.8,0.8,"coronal","coronal","non-high","back"
"Basque","m4","m","dutxa",-53,2,"d","voiced","du","u",4,52,80,0.8,0.8,"coronal","coronal","high","back"
"Basque","m4","m","ganba",-19,2,"g","voiced","ga","a",4,52,80,0.8,0.8,"dorsal","dorsal","non-high","back"
"Basque","m4","m","garbi",-43,2,"g","voiced","ga","a",4,52,80,0.8,0.8,"dorsal","dorsal","non-high","back"
"Basque","m4","m","gatz",-104,1,"g","voiced","ga","a",4,52,80,0.8,0.8,"dorsal","dorsal","non-high","back"
"Basque","m4","m","gazta",-53,2,"g","voiced","ga","a",4,52,80,0.8,0.8,"dorsal","dorsal","non-high","back"
"Basque","m4","m","gehi",-69,1,"g","voiced","ge","e",4,52,80,0.8,0.8,"dorsal","dorsal","non-high","front"
"Basque","m4","m","gela",-79,2,"g","voiced","ge","e",4,52,80,0.8,0.8,"dorsal","dorsal","non-high","front"
"Basque","m4","m","gezi",-56,2,"g","voiced","ge","e",4,52,80,0.8,0.8,"dorsal","dorsal","non-high","front"
"Basque","m4","m","giltza",-58,2,"g","voiced","gi","i",4,52,80,0.8,0.8,"dorsal","dorsal","high","front"
"Basque","m4","m","gorri",-43,2,"g","voiced","go","o",4,52,80,0.8,0.8,"dorsal","dorsal","non-high","back"
"Basque","m4","m","kanpo",30,2,"k","voiceless","ka","a",4,52,80,0.8,0.8,"dorsal","dorsal","non-high","back"
"Basque","m4","m","karga",27,2,"k","voiceless","ka","a",4,52,80,0.8,0.8,"dorsal","dorsal","non-high","back"
"Basque","m4","m","ke",31,1,"k","voiceless","ke","e",4,52,80,0.8,0.8,"dorsal","dorsal","non-high","front"
"Basque","m4","m","keinu",34,2,"k","voiceless","ke","e",4,52,80,0.8,0.8,"dorsal","dorsal","non-high","front"
"Basque","m4","m","ken",22,1,"k","voiceless","ke","e",4,52,80,0.8,0.8,"dorsal","dorsal","non-high","front"
"Basque","m4","m","koko",34,2,"k","voiceless","ko","o",4,52,80,0.8,0.8,"dorsal","dorsal","non-high","back"
"Basque","m4","m","kolpe",37,2,"k","voiceless","ko","o",4,52,80,0.8,0.8,"dorsal","dorsal","non-high","back"
"Basque","m4","m","kontu",17,2,"k","voiceless","ko","o",4,52,80,0.8,0.8,"dorsal","dorsal","non-high","back"
"Basque","m4","m","kopa",19,2,"k","voiceless","ko","o",4,52,80,0.8,0.8,"dorsal","dorsal","non-high","back"
"Basque","m4","m","kutxa",27,2,"k","voiceless","ku","u",4,52,80,0.8,0.8,"dorsal","dorsal","high","back"
"Basque","m4","m","pila",13,2,"p","voiceless","pi","i",4,52,80,0.8,0.8,"labial","labial","high","front"
"Basque","m4","m","pintxo",13,2,"p","voiceless","pi","i",4,52,80,0.8,0.8,"labial","labial","high","front"
"Basque","m4","m","pipa",8,2,"p","voiceless","pi","i",4,52,80,0.8,0.8,"labial","labial","high","front"
"Basque","m4","m","pisu",9,2,"p","voiceless","pi","i",4,52,80,0.8,0.8,"labial","labial","high","front"
"Basque","m4","m","porru",11,2,"p","voiceless","po","o",4,52,80,0.8,0.8,"labial","labial","non-high","back"
"Basque","m4","m","pultsu",12,2,"p","voiceless","pu","u",4,52,80,0.8,0.8,"labial","labial","high","back"
"Basque","m4","m","puma",14,2,"p","voiceless","pu","u",4,52,80,0.8,0.8,"labial","labial","high","back"
"Basque","m4","m","punta",7,2,"p","voiceless","pu","u",4,52,80,0.8,0.8,"labial","labial","high","back"
"Basque","m4","m","putre",9,2,"p","voiceless","pu","u",4,52,80,0.8,0.8,"labial","labial","high","back"
"Basque","m4","m","putz",9,1,"p","voiceless","pu","u",4,52,80,0.8,0.8,"labial","labial","high","back"
"Basque","m4","m","talde",14,2,"t","voiceless","ta","a",4,52,80,0.8,0.8,"coronal","coronal","non-high","back"
"Basque","m4","m","tanta",14,2,"t","voiceless","ta","a",4,52,80,0.8,0.8,"coronal","coronal","non-high","back"
"Basque","m4","m","tanto",14,2,"t","voiceless","ta","a",4,52,80,0.8,0.8,"coronal","coronal","non-high","back"
"Basque","m4","m","tarta",12,2,"t","voiceless","ta","a",4,52,80,0.8,0.8,"coronal","coronal","non-high","back"
"Basque","m4","m","te",16,1,"t","voiceless","te","e",4,52,80,0.8,0.8,"coronal","coronal","non-high","front"
"Basque","m4","m","teila",10,2,"t","voiceless","te","e",4,52,80,0.8,0.8,"coronal","coronal","non-high","front"
"Basque","m4","m","tigre",19,2,"t","voiceless","ti","i",4,52,80,0.8,0.8,"coronal","coronal","high","front"
"Basque","m4","m","tinta",24,2,"t","voiceless","ti","i",4,52,80,0.8,0.8,"coronal","coronal","high","front"
"Basque","m4","m","tunel",15,2,"t","voiceless","tu","u",4,52,80,0.8,0.8,"coronal","coronal","high","back"
"Basque","m4","m","tutu",19,2,"t","voiceless","tu","u",4,52,80,0.8,0.8,"coronal","coronal","high","back"
"Spanish","m4","m","barba",-106,2,"b","voiced","ba","a",4,52,80,0.8,0.8,"labial","labial","non-high","back"
"Spanish","m4","m","barca",-179,2,"b","voiced","ba","a",4,52,80,0.8,0.8,"labial","labial","non-high","back"
"Spanish","m4","m","bata",-64,2,"b","voiced","ba","a",4,52,80,0.8,0.8,"labial","labial","non-high","back"
"Spanish","m4","m","bici",-111,2,"b","voiced","bi","i",4,52,80,0.8,0.8,"labial","labial","high","front"
"Spanish","m4","m","boca",-60,2,"b","voiced","bo","o",4,52,80,0.8,0.8,"labial","labial","non-high","back"
"Spanish","m4","m","bolsa",-83,2,"b","voiced","bo","o",4,52,80,0.8,0.8,"labial","labial","non-high","back"
"Spanish","m4","m","bolso",-118,2,"b","voiced","bo","o",4,52,80,0.8,0.8,"labial","labial","non-high","back"
"Spanish","m4","m","bosque",-140,2,"b","voiced","bo","o",4,52,80,0.8,0.8,"labial","labial","non-high","back"
"Spanish","m4","m","buho",-108,2,"b","voiced","bu","u",4,52,80,0.8,0.8,"labial","labial","high","back"
"Spanish","m4","m","burro",-42,2,"b","voiced","bu","u",4,52,80,0.8,0.8,"labial","labial","high","back"
"Spanish","m4","m","cabra",20,2,"k","voiceless","ka","a",4,52,80,0.8,0.8,"dorsal","dorsal","non-high","back"
"Spanish","m4","m","calvo",26,2,"k","voiceless","ka","a",4,52,80,0.8,0.8,"dorsal","dorsal","non-high","back"
"Spanish","m4","m","cama",25,2,"k","voiceless","ka","a",4,52,80,0.8,0.8,"dorsal","dorsal","non-high","back"
"Spanish","m4","m","carcel",21,2,"k","voiceless","ka","a",4,52,80,0.8,0.8,"dorsal","dorsal","non-high","back"
"Spanish","m4","m","carne",20,2,"k","voiceless","ka","a",4,52,80,0.8,0.8,"dorsal","dorsal","non-high","back"
"Spanish","m4","m","carro",22,2,"k","voiceless","ka","a",4,52,80,0.8,0.8,"dorsal","dorsal","non-high","back"
"Spanish","m4","m","carta",20,2,"k","voiceless","ka","a",4,52,80,0.8,0.8,"dorsal","dorsal","non-high","back"
"Spanish","m4","m","casa",21,2,"k","voiceless","ka","a",4,52,80,0.8,0.8,"dorsal","dorsal","non-high","back"
"Spanish","m4","m","codo",24,2,"k","voiceless","ko","o",4,52,80,0.8,0.8,"dorsal","dorsal","non-high","back"
"Spanish","m4","m","culo",18,2,"k","voiceless","ku","u",4,52,80,0.8,0.8,"dorsal","dorsal","high","back"
"Spanish","m4","m","dado",-53,2,"d","voiced","da","a",4,52,80,0.8,0.8,"coronal","coronal","non-high","back"
"Spanish","m4","m","danza",-74,2,"d","voiced","da","a",4,52,80,0.8,0.8,"coronal","coronal","non-high","back"
"Spanish","m4","m","dardo",-63,2,"d","voiced","da","a",4,52,80,0.8,0.8,"coronal","coronal","non-high","back"
"Spanish","m4","m","dedo",-45,2,"d","voiced","de","e",4,52,80,0.8,0.8,"coronal","coronal","non-high","front"
"Spanish","m4","m","dia",-86,2,"d","voiced","di","i",4,52,80,0.8,0.8,"coronal","coronal","high","front"
"Spanish","m4","m","doble",-73,2,"d","voiced","do","o",4,52,80,0.8,0.8,"coronal","coronal","non-high","back"
"Spanish","m4","m","doce",-50,2,"d","voiced","do","o",4,52,80,0.8,0.8,"coronal","coronal","non-high","back"
"Spanish","m4","m","dos",-62,1,"d","voiced","do","o",4,52,80,0.8,0.8,"coronal","coronal","non-high","back"
"Spanish","m4","m","dulces",-94,2,"d","voiced","du","u",4,52,80,0.8,0.8,"coronal","coronal","high","back"
"Spanish","m4","m","duro",-72,2,"d","voiced","du","u",4,52,80,0.8,0.8,"coronal","coronal","high","back"
"Spanish","m4","m","gafas",-70,2,"g","voiced","ga","a",4,52,80,0.8,0.8,"dorsal","dorsal","non-high","back"
"Spanish","m4","m","gallo",-61,2,"g","voiced","ga","a",4,52,80,0.8,0.8,"dorsal","dorsal","non-high","back"
"Spanish","m4","m","garra",-64,2,"g","voiced","ga","a",4,52,80,0.8,0.8,"dorsal","dorsal","non-high","back"
"Spanish","m4","m","golpe",-41,2,"g","voiced","go","o",4,52,80,0.8,0.8,"dorsal","dorsal","non-high","back"
"Spanish","m4","m","gordo",-47,2,"g","voiced","go","o",4,52,80,0.8,0.8,"dorsal","dorsal","non-high","back"
"Spanish","m4","m","gorra",-51,2,"g","voiced","go","o",4,52,80,0.8,0.8,"dorsal","dorsal","non-high","back"
"Spanish","m4","m","gota",-64,2,"g","voiced","go","o",4,52,80,0.8,0.8,"dorsal","dorsal","non-high","back"
"Spanish","m4","m","guino",-55,2,"g","voiced","gu","u",4,52,80,0.8,0.8,"dorsal","dorsal","high","back"
"Spanish","m4","m","pico",9,2,"p","voiceless","pi","i",4,52,80,0.8,0.8,"labial","labial","high","front"
"Spanish","m4","m","pina",8,2,"p","voiceless","pi","i",4,52,80,0.8,0.8,"labial","labial","high","front"
"Spanish","m4","m","pino",9,2,"p","voiceless","pi","i",4,52,80,0.8,0.8,"labial","labial","high","front"
"Spanish","m4","m","pinza",9,2,"p","voiceless","pi","i",4,52,80,0.8,0.8,"labial","labial","high","front"
"Spanish","m4","m","pipas",9,2,"p","voiceless","pi","i",4,52,80,0.8,0.8,"labial","labial","high","front"
"Spanish","m4","m","pollo",12,2,"p","voiceless","po","o",4,52,80,0.8,0.8,"labial","labial","non-high","back"
"Spanish","m4","m","pua",25,2,"p","voiceless","pu","u",4,52,80,0.8,0.8,"labial","labial","high","back"
"Spanish","m4","m","pulpo",16,2,"p","voiceless","pu","u",4,52,80,0.8,0.8,"labial","labial","high","back"
"Spanish","m4","m","puno",10,2,"p","voiceless","pu","u",4,52,80,0.8,0.8,"labial","labial","high","back"
"Spanish","m4","m","puzle",10,2,"p","voiceless","pu","u",4,52,80,0.8,0.8,"labial","labial","high","back"
"Spanish","m4","m","tanque",15,2,"t","voiceless","ta","a",4,52,80,0.8,0.8,"coronal","coronal","non-high","back"
"Spanish","m4","m","tarro",11,2,"t","voiceless","ta","a",4,52,80,0.8,0.8,"coronal","coronal","non-high","back"
"Spanish","m4","m","taza",15,2,"t","voiceless","ta","a",4,52,80,0.8,0.8,"coronal","coronal","non-high","back"
"Spanish","m4","m","techo",14,2,"t","voiceless","te","e",4,52,80,0.8,0.8,"coronal","coronal","non-high","front"
"Spanish","m4","m","teja",9,2,"t","voiceless","te","e",4,52,80,0.8,0.8,"coronal","coronal","non-high","front"
"Spanish","m4","m","timbre",12,2,"t","voiceless","ti","i",4,52,80,0.8,0.8,"coronal","coronal","high","front"
"Spanish","m4","m","tiza",15,2,"t","voiceless","ti","i",4,52,80,0.8,0.8,"coronal","coronal","high","front"
"Spanish","m4","m","toro",10,2,"t","voiceless","to","o",4,52,80,0.8,0.8,"coronal","coronal","non-high","back"
"Spanish","m4","m","tubo",11,2,"t","voiceless","tu","u",4,52,80,0.8,0.8,"coronal","coronal","high","back"
"Spanish","m4","m","tumba",9,2,"t","voiceless","tu","u",4,52,80,0.8,0.8,"coronal","coronal","high","back"
"Spanish","f7","f","barba",-96,2,"b","voiced","ba","a",4,52,80,0.8,0.8,"labial","labial","non-high","back"
"Spanish","f7","f","barca",-94,2,"b","voiced","ba","a",4,52,80,0.8,0.8,"labial","labial","non-high","back"
"Spanish","f7","f","bata",-92,2,"b","voiced","ba","a",4,52,80,0.8,0.8,"labial","labial","non-high","back"
"Spanish","f7","f","bici",-125,2,"b","voiced","bi","i",4,52,80,0.8,0.8,"labial","labial","high","front"
"Spanish","f7","f","boca",-156,2,"b","voiced","bo","o",4,52,80,0.8,0.8,"labial","labial","non-high","back"
"Spanish","f7","f","bolsa",-127,2,"b","voiced","bo","o",4,52,80,0.8,0.8,"labial","labial","non-high","back"
"Spanish","f7","f","bolso",-97,2,"b","voiced","bo","o",4,52,80,0.8,0.8,"labial","labial","non-high","back"
"Spanish","f7","f","bosque",-84,2,"b","voiced","bo","o",4,52,80,0.8,0.8,"labial","labial","non-high","back"
"Spanish","f7","f","buho",-98,2,"b","voiced","bu","u",4,52,80,0.8,0.8,"labial","labial","high","back"
"Spanish","f7","f","burro",-124,2,"b","voiced","bu","u",4,52,80,0.8,0.8,"labial","labial","high","back"
"Spanish","f7","f","cabra",35,2,"k","voiceless","ka","a",4,52,80,0.8,0.8,"dorsal","dorsal","non-high","back"
"Spanish","f7","f","calvo",23,2,"k","voiceless","ka","a",4,52,80,0.8,0.8,"dorsal","dorsal","non-high","back"
"Spanish","f7","f","cama",59,2,"k","voiceless","ka","a",4,52,80,0.8,0.8,"dorsal","dorsal","non-high","back"
"Spanish","f7","f","carcel",25,2,"k","voiceless","ka","a",4,52,80,0.8,0.8,"dorsal","dorsal","non-high","back"
"Spanish","f7","f","carne",30,2,"k","voiceless","ka","a",4,52,80,0.8,0.8,"dorsal","dorsal","non-high","back"
"Spanish","f7","f","carro",43,2,"k","voiceless","ka","a",4,52,80,0.8,0.8,"dorsal","dorsal","non-high","back"
"Spanish","f7","f","carta",27,2,"k","voiceless","ka","a",4,52,80,0.8,0.8,"dorsal","dorsal","non-high","back"
"Spanish","f7","f","casa",43,2,"k","voiceless","ka","a",4,52,80,0.8,0.8,"dorsal","dorsal","non-high","back"
"Spanish","f7","f","codo",26,2,"k","voiceless","ko","o",4,52,80,0.8,0.8,"dorsal","dorsal","non-high","back"
"Spanish","f7","f","culo",59,2,"k","voiceless","ku","u",4,52,80,0.8,0.8,"dorsal","dorsal","high","back"
"Spanish","f7","f","dado",-119,2,"d","voiced","da","a",4,52,80,0.8,0.8,"coronal","coronal","non-high","back"
"Spanish","f7","f","danza",-82,2,"d","voiced","da","a",4,52,80,0.8,0.8,"coronal","coronal","non-high","back"
"Spanish","f7","f","dardo",-128,2,"d","voiced","da","a",4,52,80,0.8,0.8,"coronal","coronal","non-high","back"
"Spanish","f7","f","dedo",-118,2,"d","voiced","de","e",4,52,80,0.8,0.8,"coronal","coronal","non-high","front"
"Spanish","f7","f","dia",-70,2,"d","voiced","di","i",4,52,80,0.8,0.8,"coronal","coronal","high","front"
"Spanish","f7","f","doble",-130,2,"d","voiced","do","o",4,52,80,0.8,0.8,"coronal","coronal","non-high","back"
"Spanish","f7","f","doce",-88,2,"d","voiced","do","o",4,52,80,0.8,0.8,"coronal","coronal","non-high","back"
"Spanish","f7","f","dos",-131,1,"d","voiced","do","o",4,52,80,0.8,0.8,"coronal","coronal","non-high","back"
"Spanish","f7","f","dulces",-85,2,"d","voiced","du","u",4,52,80,0.8,0.8,"coronal","coronal","high","back"
"Spanish","f7","f","duro",-97,2,"d","voiced","du","u",4,52,80,0.8,0.8,"coronal","coronal","high","back"
"Spanish","f7","f","gafas",-92,2,"g","voiced","ga","a",4,52,80,0.8,0.8,"dorsal","dorsal","non-high","back"
"Spanish","f7","f","gallo",-109,2,"g","voiced","ga","a",4,52,80,0.8,0.8,"dorsal","dorsal","non-high","back"
"Spanish","f7","f","garra",-86,2,"g","voiced","ga","a",4,52,80,0.8,0.8,"dorsal","dorsal","non-high","back"
"Spanish","f7","f","gato",-106,2,"g","voiced","ga","a",4,52,80,0.8,0.8,"dorsal","dorsal","non-high","back"
"Spanish","f7","f","golf",-107,1,"g","voiced","go","o",4,52,80,0.8,0.8,"dorsal","dorsal","non-high","back"
"Spanish","f7","f","golpe",-114,2,"g","voiced","go","o",4,52,80,0.8,0.8,"dorsal","dorsal","non-high","back"
"Spanish","f7","f","gorra",-96,2,"g","voiced","go","o",4,52,80,0.8,0.8,"dorsal","dorsal","non-high","back"
"Spanish","f7","f","gota",-87,2,"g","voiced","go","o",4,52,80,0.8,0.8,"dorsal","dorsal","non-high","back"
"Spanish","f7","f","guino",-99,2,"g","voiced","gu","u",4,52,80,0.8,0.8,"dorsal","dorsal","high","back"
"Spanish","f7","f","gordo",-119,2,"g","voiced","go","o",4,52,80,0.8,0.8,"dorsal","dorsal","non-high","back"
"Spanish","f7","f","pico",16,2,"p","voiceless","pi","i",4,52,80,0.8,0.8,"labial","labial","high","front"
"Spanish","f7","f","pina",18,2,"p","voiceless","pi","i",4,52,80,0.8,0.8,"labial","labial","high","front"
"Spanish","f7","f","pino",15,2,"p","voiceless","pi","i",4,52,80,0.8,0.8,"labial","labial","high","front"
"Spanish","f7","f","pinza",9,2,"p","voiceless","pi","i",4,52,80,0.8,0.8,"labial","labial","high","front"
"Spanish","f7","f","pipas",11,2,"p","voiceless","pi","i",4,52,80,0.8,0.8,"labial","labial","high","front"
"Spanish","f7","f","pollo",18,2,"p","voiceless","po","o",4,52,80,0.8,0.8,"labial","labial","non-high","back"
"Spanish","f7","f","pua",15,2,"p","voiceless","pu","u",4,52,80,0.8,0.8,"labial","labial","high","back"
"Spanish","f7","f","pulpo",27,2,"p","voiceless","pu","u",4,52,80,0.8,0.8,"labial","labial","high","back"
"Spanish","f7","f","puno",22,2,"p","voiceless","pu","u",4,52,80,0.8,0.8,"labial","labial","high","back"
"Spanish","f7","f","puzle",30,2,"p","voiceless","pu","u",4,52,80,0.8,0.8,"labial","labial","high","back"
"Spanish","f7","f","tanque",11,2,"t","voiceless","ta","a",4,52,80,0.8,0.8,"coronal","coronal","non-high","back"
"Spanish","f7","f","tarro",10,2,"t","voiceless","ta","a",4,52,80,0.8,0.8,"coronal","coronal","non-high","back"
"Spanish","f7","f","taza",13,2,"t","voiceless","ta","a",4,52,80,0.8,0.8,"coronal","coronal","non-high","back"
"Spanish","f7","f","techo",11,2,"t","voiceless","te","e",4,52,80,0.8,0.8,"coronal","coronal","non-high","front"
"Spanish","f7","f","teja",10,2,"t","voiceless","te","e",4,52,80,0.8,0.8,"coronal","coronal","non-high","front"
"Spanish","f7","f","timbre",21,2,"t","voiceless","ti","i",4,52,80,0.8,0.8,"coronal","coronal","high","front"
"Spanish","f7","f","tiza",18,2,"t","voiceless","ti","i",4,52,80,0.8,0.8,"coronal","coronal","high","front"
"Spanish","f7","f","toro",15,2,"t","voiceless","to","o",4,52,80,0.8,0.8,"coronal","coronal","non-high","back"
"Spanish","f7","f","tubo",21,2,"t","voiceless","tu","u",4,52,80,0.8,0.8,"coronal","coronal","high","back"
"Spanish","f7","f","tumba",21,2,"t","voiceless","tu","u",4,52,80,0.8,0.8,"coronal","coronal","high","back"
"Basque","f7","f","bat",-105,1,"b","voiced","ba","a",4,52,80,0.8,0.8,"labial","labial","non-high","back"
"Basque","f7","f","begi",-127,2,"b","voiced","be","e",4,52,80,0.8,0.8,"labial","labial","non-high","front"
"Basque","f7","f","behi",-90,1,"b","voiced","be","e",4,52,80,0.8,0.8,"labial","labial","non-high","front"
"Basque","f7","f","beltz",-88,1,"b","voiced","be","e",4,52,80,0.8,0.8,"labial","labial","non-high","front"
"Basque","f7","f","berde",-110,2,"b","voiced","be","e",4,52,80,0.8,0.8,"labial","labial","non-high","front"
"Basque","f7","f","beso",-117,2,"b","voiced","be","e",4,52,80,0.8,0.8,"labial","labial","non-high","front"
"Basque","f7","f","bi",-111,1,"b","voiced","bi","i",4,52,80,0.8,0.8,"labial","labial","high","front"
"Basque","f7","f","bide",-108,2,"b","voiced","bi","i",4,52,80,0.8,0.8,"labial","labial","high","front"
"Basque","f7","f","bihotz",-91,1,"b","voiced","bi","i",4,52,80,0.8,0.8,"labial","labial","high","front"
"Basque","f7","f","bost",-91,1,"b","voiced","bo","o",4,52,80,0.8,0.8,"labial","labial","non-high","back"
"Basque","f7","f","dantza",-60,2,"d","voiced","da","a",4,52,80,0.8,0.8,"coronal","coronal","non-high","back"
"Basque","f7","f","data",-95,2,"d","voiced","da","a",4,52,80,0.8,0.8,"coronal","coronal","non-high","back"
"Basque","f7","f","dei",-109,1,"d","voiced","de","e",4,52,80,0.8,0.8,"coronal","coronal","non-high","front"
"Basque","f7","f","denda",-108,2,"d","voiced","de","e",4,52,80,0.8,0.8,"coronal","coronal","non-high","front"
"Basque","f7","f","dike",-80,2,"d","voiced","di","i",4,52,80,0.8,0.8,"coronal","coronal","high","front"
"Basque","f7","f","diru",-138,2,"d","voiced","di","i",4,52,80,0.8,0.8,"coronal","coronal","high","front"
"Basque","f7","f","done",-114,2,"d","voiced","do","o",4,52,80,0.8,0.8,"coronal","coronal","non-high","back"
"Basque","f7","f","donuts",-53,2,"d","voiced","do","o",4,52,80,0.8,0.8,"coronal","coronal","non-high","back"
"Basque","f7","f","dorre",-91,2,"d","voiced","do","o",4,52,80,0.8,0.8,"coronal","coronal","non-high","back"
"Basque","f7","f","dutxa",-81,2,"d","voiced","du","u",4,52,80,0.8,0.8,"coronal","coronal","high","back"
"Basque","f7","f","galtza",-94,2,"g","voiced","ga","a",4,52,80,0.8,0.8,"dorsal","dorsal","non-high","back"
"Basque","f7","f","ganba",-60,2,"g","voiced","ga","a",4,52,80,0.8,0.8,"dorsal","dorsal","non-high","back"
"Basque","f7","f","garbi",-80,2,"g","voiced","ga","a",4,52,80,0.8,0.8,"dorsal","dorsal","non-high","back"
"Basque","f7","f","gatz",-64,1,"g","voiced","ga","a",4,52,80,0.8,0.8,"dorsal","dorsal","non-high","back"
"Basque","f7","f","gazta",-68,2,"g","voiced","ga","a",4,52,80,0.8,0.8,"dorsal","dorsal","non-high","back"
"Basque","f7","f","gehi",-66,1,"g","voiced","ge","e",4,52,80,0.8,0.8,"dorsal","dorsal","non-high","front"
"Basque","f7","f","gela",-97,2,"g","voiced","ge","e",4,52,80,0.8,0.8,"dorsal","dorsal","non-high","front"
"Basque","f7","f","gezi",-99,2,"g","voiced","ge","e",4,52,80,0.8,0.8,"dorsal","dorsal","non-high","front"
"Basque","f7","f","giltza",-55,2,"g","voiced","gi","i",4,52,80,0.8,0.8,"dorsal","dorsal","high","front"
"Basque","f7","f","gorri",-95,2,"g","voiced","go","o",4,52,80,0.8,0.8,"dorsal","dorsal","non-high","back"
"Basque","f7","f","kanpo",11,2,"k","voiceless","ka","a",4,52,80,0.8,0.8,"dorsal","dorsal","non-high","back"
"Basque","f7","f","karga",24,2,"k","voiceless","ka","a",4,52,80,0.8,0.8,"dorsal","dorsal","non-high","back"
"Basque","f7","f","ke",29,1,"k","voiceless","ke","e",4,52,80,0.8,0.8,"dorsal","dorsal","non-high","front"
"Basque","f7","f","keinu",30,2,"k","voiceless","ke","e",4,52,80,0.8,0.8,"dorsal","dorsal","non-high","front"
"Basque","f7","f","ken",29,1,"k","voiceless","ke","e",4,52,80,0.8,0.8,"dorsal","dorsal","non-high","front"
"Basque","f7","f","koko",24,2,"k","voiceless","ko","o",4,52,80,0.8,0.8,"dorsal","dorsal","non-high","back"
"Basque","f7","f","kolpe",27,2,"k","voiceless","ko","o",4,52,80,0.8,0.8,"dorsal","dorsal","non-high","back"
"Basque","f7","f","kontu",23,2,"k","voiceless","ko","o",4,52,80,0.8,0.8,"dorsal","dorsal","non-high","back"
"Basque","f7","f","kopa",25,2,"k","voiceless","ko","o",4,52,80,0.8,0.8,"dorsal","dorsal","non-high","back"
"Basque","f7","f","kutxa",41,2,"k","voiceless","ku","u",4,52,80,0.8,0.8,"dorsal","dorsal","high","back"
"Basque","f7","f","pila",14,2,"p","voiceless","pi","i",4,52,80,0.8,0.8,"labial","labial","high","front"
"Basque","f7","f","pintxo",7,2,"p","voiceless","pi","i",4,52,80,0.8,0.8,"labial","labial","high","front"
"Basque","f7","f","pipa",15,2,"p","voiceless","pi","i",4,52,80,0.8,0.8,"labial","labial","high","front"
"Basque","f7","f","pisu",10,2,"p","voiceless","pi","i",4,52,80,0.8,0.8,"labial","labial","high","front"
"Basque","f7","f","porru",13,2,"p","voiceless","po","o",4,52,80,0.8,0.8,"labial","labial","non-high","back"
"Basque","f7","f","pultsu",29,2,"p","voiceless","pu","u",4,52,80,0.8,0.8,"labial","labial","high","back"
"Basque","f7","f","puma",24,2,"p","voiceless","pu","u",4,52,80,0.8,0.8,"labial","labial","high","back"
"Basque","f7","f","punta",27,2,"p","voiceless","pu","u",4,52,80,0.8,0.8,"labial","labial","high","back"
"Basque","f7","f","putre",23,2,"p","voiceless","pu","u",4,52,80,0.8,0.8,"labial","labial","high","back"
"Basque","f7","f","putz",20,1,"p","voiceless","pu","u",4,52,80,0.8,0.8,"labial","labial","high","back"
"Basque","f7","f","talde",9,2,"t","voiceless","ta","a",4,52,80,0.8,0.8,"coronal","coronal","non-high","back"
"Basque","f7","f","tanta",10,2,"t","voiceless","ta","a",4,52,80,0.8,0.8,"coronal","coronal","non-high","back"
"Basque","f7","f","tanto",7,2,"t","voiceless","ta","a",4,52,80,0.8,0.8,"coronal","coronal","non-high","back"
"Basque","f7","f","tarta",16,2,"t","voiceless","ta","a",4,52,80,0.8,0.8,"coronal","coronal","non-high","back"
"Basque","f7","f","te",10,1,"t","voiceless","te","e",4,52,80,0.8,0.8,"coronal","coronal","non-high","front"
"Basque","f7","f","teila",10,2,"t","voiceless","te","e",4,52,80,0.8,0.8,"coronal","coronal","non-high","front"
"Basque","f7","f","tigre",12,2,"t","voiceless","ti","i",4,52,80,0.8,0.8,"coronal","coronal","high","front"
"Basque","f7","f","tinta",21,2,"t","voiceless","ti","i",4,52,80,0.8,0.8,"coronal","coronal","high","front"
"Basque","f7","f","tunel",14,2,"t","voiceless","tu","u",4,52,80,0.8,0.8,"coronal","coronal","high","back"
"Basque","f7","f","tutu",33,2,"t","voiceless","tu","u",4,52,80,0.8,0.8,"coronal","coronal","high","back"
"Spanish","f5","f","barba",-133,2,"b","voiced","ba","a",1,22,26.9230769230769,0.338461538461538,0.2,"labial","labial","non-high","back"
"Spanish","f5","f","barca",-100,2,"b","voiced","ba","a",1,22,26.9230769230769,0.338461538461538,0.2,"labial","labial","non-high","back"
"Spanish","f5","f","bata",-154,2,"b","voiced","ba","a",1,22,26.9230769230769,0.338461538461538,0.2,"labial","labial","non-high","back"
"Spanish","f5","f","bici",-145,2,"b","voiced","bi","i",1,22,26.9230769230769,0.338461538461538,0.2,"labial","labial","high","front"
"Spanish","f5","f","boca",-151,2,"b","voiced","bo","o",1,22,26.9230769230769,0.338461538461538,0.2,"labial","labial","non-high","back"
"Spanish","f5","f","bolsa",-158,2,"b","voiced","bo","o",1,22,26.9230769230769,0.338461538461538,0.2,"labial","labial","non-high","back"
"Spanish","f5","f","bolso",-130,2,"b","voiced","bo","o",1,22,26.9230769230769,0.338461538461538,0.2,"labial","labial","non-high","back"
"Spanish","f5","f","bosque",-132,2,"b","voiced","bo","o",1,22,26.9230769230769,0.338461538461538,0.2,"labial","labial","non-high","back"
"Spanish","f5","f","buho",-135,2,"b","voiced","bu","u",1,22,26.9230769230769,0.338461538461538,0.2,"labial","labial","high","back"
"Spanish","f5","f","burro",-177,2,"b","voiced","bu","u",1,22,26.9230769230769,0.338461538461538,0.2,"labial","labial","high","back"
"Spanish","f5","f","cabra",16,2,"k","voiceless","ka","a",1,22,26.9230769230769,0.338461538461538,0.2,"dorsal","dorsal","non-high","back"
"Spanish","f5","f","calvo",12,2,"k","voiceless","ka","a",1,22,26.9230769230769,0.338461538461538,0.2,"dorsal","dorsal","non-high","back"
"Spanish","f5","f","cama",16,2,"k","voiceless","ka","a",1,22,26.9230769230769,0.338461538461538,0.2,"dorsal","dorsal","non-high","back"
"Spanish","f5","f","carcel",12,2,"k","voiceless","ka","a",1,22,26.9230769230769,0.338461538461538,0.2,"dorsal","dorsal","non-high","back"
"Spanish","f5","f","carne",14,2,"k","voiceless","ka","a",1,22,26.9230769230769,0.338461538461538,0.2,"dorsal","dorsal","non-high","back"
"Spanish","f5","f","carro",27,2,"k","voiceless","ka","a",1,22,26.9230769230769,0.338461538461538,0.2,"dorsal","dorsal","non-high","back"
"Spanish","f5","f","carta",16,2,"k","voiceless","ka","a",1,22,26.9230769230769,0.338461538461538,0.2,"dorsal","dorsal","non-high","back"
"Spanish","f5","f","casa",19,2,"k","voiceless","ka","a",1,22,26.9230769230769,0.338461538461538,0.2,"dorsal","dorsal","non-high","back"
"Spanish","f5","f","codo",27,2,"k","voiceless","ko","o",1,22,26.9230769230769,0.338461538461538,0.2,"dorsal","dorsal","non-high","back"
"Spanish","f5","f","culo",40,2,"k","voiceless","ku","u",1,22,26.9230769230769,0.338461538461538,0.2,"dorsal","dorsal","high","back"
"Spanish","f5","f","dado",-109,2,"d","voiced","da","a",1,22,26.9230769230769,0.338461538461538,0.2,"coronal","coronal","non-high","back"
"Spanish","f5","f","danza",-107,2,"d","voiced","da","a",1,22,26.9230769230769,0.338461538461538,0.2,"coronal","coronal","non-high","back"
"Spanish","f5","f","dardo",-89,2,"d","voiced","da","a",1,22,26.9230769230769,0.338461538461538,0.2,"coronal","coronal","non-high","back"
"Spanish","f5","f","dedo",-126,2,"d","voiced","de","e",1,22,26.9230769230769,0.338461538461538,0.2,"coronal","coronal","non-high","front"
"Spanish","f5","f","dia",-126,2,"d","voiced","di","i",1,22,26.9230769230769,0.338461538461538,0.2,"coronal","coronal","high","front"
"Spanish","f5","f","doble",-102,2,"d","voiced","do","o",1,22,26.9230769230769,0.338461538461538,0.2,"coronal","coronal","non-high","back"
"Spanish","f5","f","doce",-109,2,"d","voiced","do","o",1,22,26.9230769230769,0.338461538461538,0.2,"coronal","coronal","non-high","back"
"Spanish","f5","f","dos",-119,1,"d","voiced","do","o",1,22,26.9230769230769,0.338461538461538,0.2,"coronal","coronal","non-high","back"
"Spanish","f5","f","dulces",-100,2,"d","voiced","du","u",1,22,26.9230769230769,0.338461538461538,0.2,"coronal","coronal","high","back"
"Spanish","f5","f","duro",-123,2,"d","voiced","du","u",1,22,26.9230769230769,0.338461538461538,0.2,"coronal","coronal","high","back"
"Spanish","f5","f","gafas",-99,2,"g","voiced","ga","a",1,22,26.9230769230769,0.338461538461538,0.2,"dorsal","dorsal","non-high","back"
"Spanish","f5","f","gallo",-94,2,"g","voiced","ga","a",1,22,26.9230769230769,0.338461538461538,0.2,"dorsal","dorsal","non-high","back"
"Spanish","f5","f","garra",-95,2,"g","voiced","ga","a",1,22,26.9230769230769,0.338461538461538,0.2,"dorsal","dorsal","non-high","back"
"Spanish","f5","f","gato",-100,2,"g","voiced","ga","a",1,22,26.9230769230769,0.338461538461538,0.2,"dorsal","dorsal","non-high","back"
"Spanish","f5","f","golf",-109,1,"g","voiced","go","o",1,22,26.9230769230769,0.338461538461538,0.2,"dorsal","dorsal","non-high","back"
"Spanish","f5","f","golpe",-86,2,"g","voiced","go","o",1,22,26.9230769230769,0.338461538461538,0.2,"dorsal","dorsal","non-high","back"
"Spanish","f5","f","gorra",-96,2,"g","voiced","go","o",1,22,26.9230769230769,0.338461538461538,0.2,"dorsal","dorsal","non-high","back"
"Spanish","f5","f","gota",-110,2,"g","voiced","go","o",1,22,26.9230769230769,0.338461538461538,0.2,"dorsal","dorsal","non-high","back"
"Spanish","f5","f","guino",-76,2,"g","voiced","gu","u",1,22,26.9230769230769,0.338461538461538,0.2,"dorsal","dorsal","high","back"
"Spanish","f5","f","gordo",-83,2,"g","voiced","go","o",1,22,26.9230769230769,0.338461538461538,0.2,"dorsal","dorsal","non-high","back"
"Spanish","f5","f","pico",5,2,"p","voiceless","pi","i",1,22,26.9230769230769,0.338461538461538,0.2,"labial","labial","high","front"
"Spanish","f5","f","pina",3,2,"p","voiceless","pi","i",1,22,26.9230769230769,0.338461538461538,0.2,"labial","labial","high","front"
"Spanish","f5","f","pino",4,2,"p","voiceless","pi","i",1,22,26.9230769230769,0.338461538461538,0.2,"labial","labial","high","front"
"Spanish","f5","f","pinza",5,2,"p","voiceless","pi","i",1,22,26.9230769230769,0.338461538461538,0.2,"labial","labial","high","front"
"Spanish","f5","f","pipas",4,2,"p","voiceless","pi","i",1,22,26.9230769230769,0.338461538461538,0.2,"labial","labial","high","front"
"Spanish","f5","f","pollo",13,2,"p","voiceless","po","o",1,22,26.9230769230769,0.338461538461538,0.2,"labial","labial","non-high","back"
"Spanish","f5","f","pua",10,2,"p","voiceless","pu","u",1,22,26.9230769230769,0.338461538461538,0.2,"labial","labial","high","back"
"Spanish","f5","f","pulpo",12,2,"p","voiceless","pu","u",1,22,26.9230769230769,0.338461538461538,0.2,"labial","labial","high","back"
"Spanish","f5","f","puno",24,2,"p","voiceless","pu","u",1,22,26.9230769230769,0.338461538461538,0.2,"labial","labial","high","back"
"Spanish","f5","f","puzle",6,2,"p","voiceless","pu","u",1,22,26.9230769230769,0.338461538461538,0.2,"labial","labial","high","back"
"Spanish","f5","f","tanque",10,2,"t","voiceless","ta","a",1,22,26.9230769230769,0.338461538461538,0.2,"coronal","coronal","non-high","back"
"Spanish","f5","f","tarro",9,2,"t","voiceless","ta","a",1,22,26.9230769230769,0.338461538461538,0.2,"coronal","coronal","non-high","back"
"Spanish","f5","f","taza",9,2,"t","voiceless","ta","a",1,22,26.9230769230769,0.338461538461538,0.2,"coronal","coronal","non-high","back"
"Spanish","f5","f","techo",16,2,"t","voiceless","te","e",1,22,26.9230769230769,0.338461538461538,0.2,"coronal","coronal","non-high","front"
"Spanish","f5","f","teja",9,2,"t","voiceless","te","e",1,22,26.9230769230769,0.338461538461538,0.2,"coronal","coronal","non-high","front"
"Spanish","f5","f","timbre",15,2,"t","voiceless","ti","i",1,22,26.9230769230769,0.338461538461538,0.2,"coronal","coronal","high","front"
"Spanish","f5","f","tiza",20,2,"t","voiceless","ti","i",1,22,26.9230769230769,0.338461538461538,0.2,"coronal","coronal","high","front"
"Spanish","f5","f","toro",13,2,"t","voiceless","to","o",1,22,26.9230769230769,0.338461538461538,0.2,"coronal","coronal","non-high","back"
"Spanish","f5","f","tubo",16,2,"t","voiceless","tu","u",1,22,26.9230769230769,0.338461538461538,0.2,"coronal","coronal","high","back"
"Spanish","f5","f","tumba",10,2,"t","voiceless","tu","u",1,22,26.9230769230769,0.338461538461538,0.2,"coronal","coronal","high","back"
"Basque","f5","f","bat",-104,1,"b","voiced","ba","a",1,22,26.9230769230769,0.338461538461538,0.2,"labial","labial","non-high","back"
"Basque","f5","f","behi",-119,1,"b","voiced","be","e",1,22,26.9230769230769,0.338461538461538,0.2,"labial","labial","non-high","front"
"Basque","f5","f","beltz",-110,1,"b","voiced","be","e",1,22,26.9230769230769,0.338461538461538,0.2,"labial","labial","non-high","front"
"Basque","f5","f","berde",-86,2,"b","voiced","be","e",1,22,26.9230769230769,0.338461538461538,0.2,"labial","labial","non-high","front"
"Basque","f5","f","bi",-102,1,"b","voiced","bi","i",1,22,26.9230769230769,0.338461538461538,0.2,"labial","labial","high","front"
"Basque","f5","f","bihotz",-97,1,"b","voiced","bi","i",1,22,26.9230769230769,0.338461538461538,0.2,"labial","labial","high","front"
"Basque","f5","f","bost",-102,1,"b","voiced","bo","o",1,22,26.9230769230769,0.338461538461538,0.2,"labial","labial","non-high","back"
"Basque","f5","f","dantza",-73,2,"d","voiced","da","a",1,22,26.9230769230769,0.338461538461538,0.2,"coronal","coronal","non-high","back"
"Basque","f5","f","data",-104,2,"d","voiced","da","a",1,22,26.9230769230769,0.338461538461538,0.2,"coronal","coronal","non-high","back"
"Basque","f5","f","dei",-125,1,"d","voiced","de","e",1,22,26.9230769230769,0.338461538461538,0.2,"coronal","coronal","non-high","front"
"Basque","f5","f","denda",-97,2,"d","voiced","de","e",1,22,26.9230769230769,0.338461538461538,0.2,"coronal","coronal","non-high","front"
"Basque","f5","f","dike",-111,2,"d","voiced","di","i",1,22,26.9230769230769,0.338461538461538,0.2,"coronal","coronal","high","front"
"Basque","f5","f","done",-89,2,"d","voiced","do","o",1,22,26.9230769230769,0.338461538461538,0.2,"coronal","coronal","non-high","back"
"Basque","f5","f","donuts",-80,2,"d","voiced","do","o",1,22,26.9230769230769,0.338461538461538,0.2,"coronal","coronal","non-high","back"
"Basque","f5","f","dorre",-98,2,"d","voiced","do","o",1,22,26.9230769230769,0.338461538461538,0.2,"coronal","coronal","non-high","back"
"Basque","f5","f","dutxa",-78,2,"d","voiced","du","u",1,22,26.9230769230769,0.338461538461538,0.2,"coronal","coronal","high","back"
"Basque","f5","f","galtza",-38,2,"g","voiced","ga","a",1,22,26.9230769230769,0.338461538461538,0.2,"dorsal","dorsal","non-high","back"
"Basque","f5","f","ganba",-61,2,"g","voiced","ga","a",1,22,26.9230769230769,0.338461538461538,0.2,"dorsal","dorsal","non-high","back"
"Basque","f5","f","garbi",-73,2,"g","voiced","ga","a",1,22,26.9230769230769,0.338461538461538,0.2,"dorsal","dorsal","non-high","back"
"Basque","f5","f","gatz",-54,1,"g","voiced","ga","a",1,22,26.9230769230769,0.338461538461538,0.2,"dorsal","dorsal","non-high","back"
"Basque","f5","f","gazta",-68,2,"g","voiced","ga","a",1,22,26.9230769230769,0.338461538461538,0.2,"dorsal","dorsal","non-high","back"
"Basque","f5","f","gehi",-105,1,"g","voiced","ge","e",1,22,26.9230769230769,0.338461538461538,0.2,"dorsal","dorsal","non-high","front"
"Basque","f5","f","gela",-88,2,"g","voiced","ge","e",1,22,26.9230769230769,0.338461538461538,0.2,"dorsal","dorsal","non-high","front"
"Basque","f5","f","giltza",-43,2,"g","voiced","gi","i",1,22,26.9230769230769,0.338461538461538,0.2,"dorsal","dorsal","high","front"
"Basque","f5","f","gorri",-49,2,"g","voiced","go","o",1,22,26.9230769230769,0.338461538461538,0.2,"dorsal","dorsal","non-high","back"
"Basque","f5","f","kanpo",28,2,"k","voiceless","ka","a",1,22,26.9230769230769,0.338461538461538,0.2,"dorsal","dorsal","non-high","back"
"Basque","f5","f","karga",19,2,"k","voiceless","ka","a",1,22,26.9230769230769,0.338461538461538,0.2,"dorsal","dorsal","non-high","back"
"Basque","f5","f","ke",27,1,"k","voiceless","ke","e",1,22,26.9230769230769,0.338461538461538,0.2,"dorsal","dorsal","non-high","front"
"Basque","f5","f","keinu",27,2,"k","voiceless","ke","e",1,22,26.9230769230769,0.338461538461538,0.2,"dorsal","dorsal","non-high","front"
"Basque","f5","f","ken",43,1,"k","voiceless","ke","e",1,22,26.9230769230769,0.338461538461538,0.2,"dorsal","dorsal","non-high","front"
"Basque","f5","f","koko",17,2,"k","voiceless","ko","o",1,22,26.9230769230769,0.338461538461538,0.2,"dorsal","dorsal","non-high","back"
"Basque","f5","f","kolpe",27,2,"k","voiceless","ko","o",1,22,26.9230769230769,0.338461538461538,0.2,"dorsal","dorsal","non-high","back"
"Basque","f5","f","kontu",19,2,"k","voiceless","ko","o",1,22,26.9230769230769,0.338461538461538,0.2,"dorsal","dorsal","non-high","back"
"Basque","f5","f","kopa",22,2,"k","voiceless","ko","o",1,22,26.9230769230769,0.338461538461538,0.2,"dorsal","dorsal","non-high","back"
"Basque","f5","f","kutxa",36,2,"k","voiceless","ku","u",1,22,26.9230769230769,0.338461538461538,0.2,"dorsal","dorsal","high","back"
"Basque","f5","f","pila",18,2,"p","voiceless","pi","i",1,22,26.9230769230769,0.338461538461538,0.2,"labial","labial","high","front"
"Basque","f5","f","pintxo",5,2,"p","voiceless","pi","i",1,22,26.9230769230769,0.338461538461538,0.2,"labial","labial","high","front"
"Basque","f5","f","pipa",5,2,"p","voiceless","pi","i",1,22,26.9230769230769,0.338461538461538,0.2,"labial","labial","high","front"
"Basque","f5","f","pisu",9,2,"p","voiceless","pi","i",1,22,26.9230769230769,0.338461538461538,0.2,"labial","labial","high","front"
"Basque","f5","f","porru",10,2,"p","voiceless","po","o",1,22,26.9230769230769,0.338461538461538,0.2,"labial","labial","non-high","back"
"Basque","f5","f","pultsu",21,2,"p","voiceless","pu","u",1,22,26.9230769230769,0.338461538461538,0.2,"labial","labial","high","back"
"Basque","f5","f","puma",12,2,"p","voiceless","pu","u",1,22,26.9230769230769,0.338461538461538,0.2,"labial","labial","high","back"
"Basque","f5","f","punta",9,2,"p","voiceless","pu","u",1,22,26.9230769230769,0.338461538461538,0.2,"labial","labial","high","back"
"Basque","f5","f","putre",13,2,"p","voiceless","pu","u",1,22,26.9230769230769,0.338461538461538,0.2,"labial","labial","high","back"
"Basque","f5","f","putz",20,1,"p","voiceless","pu","u",1,22,26.9230769230769,0.338461538461538,0.2,"labial","labial","high","back"
"Basque","f5","f","tanta",12,2,"t","voiceless","ta","a",1,22,26.9230769230769,0.338461538461538,0.2,"coronal","coronal","non-high","back"
"Basque","f5","f","tanto",13,2,"t","voiceless","ta","a",1,22,26.9230769230769,0.338461538461538,0.2,"coronal","coronal","non-high","back"
"Basque","f5","f","tarta",15,2,"t","voiceless","ta","a",1,22,26.9230769230769,0.338461538461538,0.2,"coronal","coronal","non-high","back"
"Basque","f5","f","te",20,1,"t","voiceless","te","e",1,22,26.9230769230769,0.338461538461538,0.2,"coronal","coronal","non-high","front"
"Basque","f5","f","teila",19,2,"t","voiceless","te","e",1,22,26.9230769230769,0.338461538461538,0.2,"coronal","coronal","non-high","front"
"Basque","f5","f","tigre",16,2,"t","voiceless","ti","i",1,22,26.9230769230769,0.338461538461538,0.2,"coronal","coronal","high","front"
"Basque","f5","f","tinta",10,2,"t","voiceless","ti","i",1,22,26.9230769230769,0.338461538461538,0.2,"coronal","coronal","high","front"
"Basque","f5","f","tunel",17,2,"t","voiceless","tu","u",1,22,26.9230769230769,0.338461538461538,0.2,"coronal","coronal","high","back"
"Spanish","f4","f","barba",-61,2,"b","voiced","ba","a",3,39,60,0.6,0.6,"labial","labial","non-high","back"
"Spanish","f4","f","barca",-73,2,"b","voiced","ba","a",3,39,60,0.6,0.6,"labial","labial","non-high","back"
"Spanish","f4","f","bata",-50,2,"b","voiced","ba","a",3,39,60,0.6,0.6,"labial","labial","non-high","back"
"Spanish","f4","f","bici",-73,2,"b","voiced","bi","i",3,39,60,0.6,0.6,"labial","labial","high","front"
"Spanish","f4","f","boca",-56,2,"b","voiced","bo","o",3,39,60,0.6,0.6,"labial","labial","non-high","back"
"Spanish","f4","f","bolsa",-51,2,"b","voiced","bo","o",3,39,60,0.6,0.6,"labial","labial","non-high","back"
"Spanish","f4","f","bolso",-61,2,"b","voiced","bo","o",3,39,60,0.6,0.6,"labial","labial","non-high","back"
"Spanish","f4","f","bosque",-56,2,"b","voiced","bo","o",3,39,60,0.6,0.6,"labial","labial","non-high","back"
"Spanish","f4","f","buho",-65,2,"b","voiced","bu","u",3,39,60,0.6,0.6,"labial","labial","high","back"
"Spanish","f4","f","burro",-58,2,"b","voiced","bu","u",3,39,60,0.6,0.6,"labial","labial","high","back"
"Spanish","f4","f","cabra",24,2,"k","voiceless","ka","a",3,39,60,0.6,0.6,"dorsal","dorsal","non-high","back"
"Spanish","f4","f","calvo",22,2,"k","voiceless","ka","a",3,39,60,0.6,0.6,"dorsal","dorsal","non-high","back"
"Spanish","f4","f","cama",20,2,"k","voiceless","ka","a",3,39,60,0.6,0.6,"dorsal","dorsal","non-high","back"
"Spanish","f4","f","carcel",17,2,"k","voiceless","ka","a",3,39,60,0.6,0.6,"dorsal","dorsal","non-high","back"
"Spanish","f4","f","carne",18,2,"k","voiceless","ka","a",3,39,60,0.6,0.6,"dorsal","dorsal","non-high","back"
"Spanish","f4","f","carro",19,2,"k","voiceless","ka","a",3,39,60,0.6,0.6,"dorsal","dorsal","non-high","back"
"Spanish","f4","f","carta",20,2,"k","voiceless","ka","a",3,39,60,0.6,0.6,"dorsal","dorsal","non-high","back"
"Spanish","f4","f","casa",19,2,"k","voiceless","ka","a",3,39,60,0.6,0.6,"dorsal","dorsal","non-high","back"
"Spanish","f4","f","codo",28,2,"k","voiceless","ko","o",3,39,60,0.6,0.6,"dorsal","dorsal","non-high","back"
"Spanish","f4","f","culo",44,2,"k","voiceless","ku","u",3,39,60,0.6,0.6,"dorsal","dorsal","high","back"
"Spanish","f4","f","dado",-80,2,"d","voiced","da","a",3,39,60,0.6,0.6,"coronal","coronal","non-high","back"
"Spanish","f4","f","danza",-64,2,"d","voiced","da","a",3,39,60,0.6,0.6,"coronal","coronal","non-high","back"
"Spanish","f4","f","dardo",-77,2,"d","voiced","da","a",3,39,60,0.6,0.6,"coronal","coronal","non-high","back"
"Spanish","f4","f","dedo",-82,2,"d","voiced","de","e",3,39,60,0.6,0.6,"coronal","coronal","non-high","front"
"Spanish","f4","f","dia",-75,2,"d","voiced","di","i",3,39,60,0.6,0.6,"coronal","coronal","high","front"
"Spanish","f4","f","doble",-99,2,"d","voiced","do","o",3,39,60,0.6,0.6,"coronal","coronal","non-high","back"
"Spanish","f4","f","doce",-77,2,"d","voiced","do","o",3,39,60,0.6,0.6,"coronal","coronal","non-high","back"
"Spanish","f4","f","dos",-71,1,"d","voiced","do","o",3,39,60,0.6,0.6,"coronal","coronal","non-high","back"
"Spanish","f4","f","dulces",-38,2,"d","voiced","du","u",3,39,60,0.6,0.6,"coronal","coronal","high","back"
"Spanish","f4","f","duro",-76,2,"d","voiced","du","u",3,39,60,0.6,0.6,"coronal","coronal","high","back"
"Spanish","f4","f","gafas",-48,2,"g","voiced","ga","a",3,39,60,0.6,0.6,"dorsal","dorsal","non-high","back"
"Spanish","f4","f","gallo",-61,2,"g","voiced","ga","a",3,39,60,0.6,0.6,"dorsal","dorsal","non-high","back"
"Spanish","f4","f","garra",-65,2,"g","voiced","ga","a",3,39,60,0.6,0.6,"dorsal","dorsal","non-high","back"
"Spanish","f4","f","gato",-64,2,"g","voiced","ga","a",3,39,60,0.6,0.6,"dorsal","dorsal","non-high","back"
"Spanish","f4","f","golf",-62,1,"g","voiced","go","o",3,39,60,0.6,0.6,"dorsal","dorsal","non-high","back"
"Spanish","f4","f","golpe",-48,2,"g","voiced","go","o",3,39,60,0.6,0.6,"dorsal","dorsal","non-high","back"
"Spanish","f4","f","gordo",-47,2,"g","voiced","go","o",3,39,60,0.6,0.6,"dorsal","dorsal","non-high","back"
"Spanish","f4","f","gorra",-49,2,"g","voiced","go","o",3,39,60,0.6,0.6,"dorsal","dorsal","non-high","back"
"Spanish","f4","f","gota",-87,2,"g","voiced","go","o",3,39,60,0.6,0.6,"dorsal","dorsal","non-high","back"
"Spanish","f4","f","guino",-58,2,"g","voiced","gu","u",3,39,60,0.6,0.6,"dorsal","dorsal","high","back"
"Spanish","f4","f","pico",4,2,"p","voiceless","pi","i",3,39,60,0.6,0.6,"labial","labial","high","front"
"Spanish","f4","f","pina",17,2,"p","voiceless","pi","i",3,39,60,0.6,0.6,"labial","labial","high","front"
"Spanish","f4","f","pino",12,2,"p","voiceless","pi","i",3,39,60,0.6,0.6,"labial","labial","high","front"
"Spanish","f4","f","pinza",9,2,"p","voiceless","pi","i",3,39,60,0.6,0.6,"labial","labial","high","front"
"Spanish","f4","f","pipas",10,2,"p","voiceless","pi","i",3,39,60,0.6,0.6,"labial","labial","high","front"
"Spanish","f4","f","pollo",11,2,"p","voiceless","po","o",3,39,60,0.6,0.6,"labial","labial","non-high","back"
"Spanish","f4","f","pua",23,2,"p","voiceless","pu","u",3,39,60,0.6,0.6,"labial","labial","high","back"
"Spanish","f4","f","pulpo",21,2,"p","voiceless","pu","u",3,39,60,0.6,0.6,"labial","labial","high","back"
"Spanish","f4","f","puno",23,2,"p","voiceless","pu","u",3,39,60,0.6,0.6,"labial","labial","high","back"
"Spanish","f4","f","puzle",9,2,"p","voiceless","pu","u",3,39,60,0.6,0.6,"labial","labial","high","back"
"Spanish","f4","f","tanque",10,2,"t","voiceless","ta","a",3,39,60,0.6,0.6,"coronal","coronal","non-high","back"
"Spanish","f4","f","tarro",14,2,"t","voiceless","ta","a",3,39,60,0.6,0.6,"coronal","coronal","non-high","back"
"Spanish","f4","f","taza",11,2,"t","voiceless","ta","a",3,39,60,0.6,0.6,"coronal","coronal","non-high","back"
"Spanish","f4","f","techo",14,2,"t","voiceless","te","e",3,39,60,0.6,0.6,"coronal","coronal","non-high","front"
"Spanish","f4","f","teja",9,2,"t","voiceless","te","e",3,39,60,0.6,0.6,"coronal","coronal","non-high","front"
"Spanish","f4","f","timbre",15,2,"t","voiceless","ti","i",3,39,60,0.6,0.6,"coronal","coronal","high","front"
"Spanish","f4","f","tiza",19,2,"t","voiceless","ti","i",3,39,60,0.6,0.6,"coronal","coronal","high","front"
"Spanish","f4","f","toro",14,2,"t","voiceless","to","o",3,39,60,0.6,0.6,"coronal","coronal","non-high","back"
"Spanish","f4","f","tubo",16,2,"t","voiceless","tu","u",3,39,60,0.6,0.6,"coronal","coronal","high","back"
"Spanish","f4","f","tumba",11,2,"t","voiceless","tu","u",3,39,60,0.6,0.6,"coronal","coronal","high","back"
"Basque","f4","f","bat",-86,1,"b","voiced","ba","a",3,39,60,0.6,0.6,"labial","labial","non-high","back"
"Basque","f4","f","begi",-80,2,"b","voiced","be","e",3,39,60,0.6,0.6,"labial","labial","non-high","front"
"Basque","f4","f","behi",-80,1,"b","voiced","be","e",3,39,60,0.6,0.6,"labial","labial","non-high","front"
"Basque","f4","f","beltz",-75,1,"b","voiced","be","e",3,39,60,0.6,0.6,"labial","labial","non-high","front"
"Basque","f4","f","berde",-47,2,"b","voiced","be","e",3,39,60,0.6,0.6,"labial","labial","non-high","front"
"Basque","f4","f","beso",-69,2,"b","voiced","be","e",3,39,60,0.6,0.6,"labial","labial","non-high","front"
"Basque","f4","f","bi",-98,1,"b","voiced","bi","i",3,39,60,0.6,0.6,"labial","labial","high","front"
"Basque","f4","f","bide",-88,2,"b","voiced","bi","i",3,39,60,0.6,0.6,"labial","labial","high","front"
"Basque","f4","f","bihotz",-70,1,"b","voiced","bi","i",3,39,60,0.6,0.6,"labial","labial","high","front"
"Basque","f4","f","bost",-69,1,"b","voiced","bo","o",3,39,60,0.6,0.6,"labial","labial","non-high","back"
"Basque","f4","f","dantza",-68,2,"d","voiced","da","a",3,39,60,0.6,0.6,"coronal","coronal","non-high","back"
"Basque","f4","f","data",-88,2,"d","voiced","da","a",3,39,60,0.6,0.6,"coronal","coronal","non-high","back"
"Basque","f4","f","dei",-86,1,"d","voiced","de","e",3,39,60,0.6,0.6,"coronal","coronal","non-high","front"
"Basque","f4","f","denda",-95,2,"d","voiced","de","e",3,39,60,0.6,0.6,"coronal","coronal","non-high","front"
"Basque","f4","f","dike",-73,2,"d","voiced","di","i",3,39,60,0.6,0.6,"coronal","coronal","high","front"
"Basque","f4","f","diru",-71,2,"d","voiced","di","i",3,39,60,0.6,0.6,"coronal","coronal","high","front"
"Basque","f4","f","done",-106,2,"d","voiced","do","o",3,39,60,0.6,0.6,"coronal","coronal","non-high","back"
"Basque","f4","f","donuts",-130,2,"d","voiced","do","o",3,39,60,0.6,0.6,"coronal","coronal","non-high","back"
"Basque","f4","f","dorre",-104,2,"d","voiced","do","o",3,39,60,0.6,0.6,"coronal","coronal","non-high","back"
"Basque","f4","f","dutxa",-110,2,"d","voiced","du","u",3,39,60,0.6,0.6,"coronal","coronal","high","back"
"Basque","f4","f","galtza",-50,2,"g","voiced","ga","a",3,39,60,0.6,0.6,"dorsal","dorsal","non-high","back"
"Basque","f4","f","ganba",-102,2,"g","voiced","ga","a",3,39,60,0.6,0.6,"dorsal","dorsal","non-high","back"
"Basque","f4","f","garbi",-76,2,"g","voiced","ga","a",3,39,60,0.6,0.6,"dorsal","dorsal","non-high","back"
"Basque","f4","f","gatz",-48,1,"g","voiced","ga","a",3,39,60,0.6,0.6,"dorsal","dorsal","non-high","back"
"Basque","f4","f","gazta",-51,2,"g","voiced","ga","a",3,39,60,0.6,0.6,"dorsal","dorsal","non-high","back"
"Basque","f4","f","gehi",-89,1,"g","voiced","ge","e",3,39,60,0.6,0.6,"dorsal","dorsal","non-high","front"
"Basque","f4","f","gela",-69,2,"g","voiced","ge","e",3,39,60,0.6,0.6,"dorsal","dorsal","non-high","front"
"Basque","f4","f","gezi",-89,2,"g","voiced","ge","e",3,39,60,0.6,0.6,"dorsal","dorsal","non-high","front"
"Basque","f4","f","giltza",-68,2,"g","voiced","gi","i",3,39,60,0.6,0.6,"dorsal","dorsal","high","front"
"Basque","f4","f","gorri",-65,2,"g","voiced","go","o",3,39,60,0.6,0.6,"dorsal","dorsal","non-high","back"
"Basque","f4","f","kanpo",20,2,"k","voiceless","ka","a",3,39,60,0.6,0.6,"dorsal","dorsal","non-high","back"
"Basque","f4","f","karga",23,2,"k","voiceless","ka","a",3,39,60,0.6,0.6,"dorsal","dorsal","non-high","back"
"Basque","f4","f","ke",30,1,"k","voiceless","ke","e",3,39,60,0.6,0.6,"dorsal","dorsal","non-high","front"
"Basque","f4","f","keinu",23,2,"k","voiceless","ke","e",3,39,60,0.6,0.6,"dorsal","dorsal","non-high","front"
"Basque","f4","f","ken",32,1,"k","voiceless","ke","e",3,39,60,0.6,0.6,"dorsal","dorsal","non-high","front"
"Basque","f4","f","koko",21,2,"k","voiceless","ko","o",3,39,60,0.6,0.6,"dorsal","dorsal","non-high","back"
"Basque","f4","f","kolpe",24,2,"k","voiceless","ko","o",3,39,60,0.6,0.6,"dorsal","dorsal","non-high","back"
"Basque","f4","f","kontu",16,2,"k","voiceless","ko","o",3,39,60,0.6,0.6,"dorsal","dorsal","non-high","back"
"Basque","f4","f","kopa",38,2,"k","voiceless","ko","o",3,39,60,0.6,0.6,"dorsal","dorsal","non-high","back"
"Basque","f4","f","kutxa",47,2,"k","voiceless","ku","u",3,39,60,0.6,0.6,"dorsal","dorsal","high","back"
"Basque","f4","f","pila",9,2,"p","voiceless","pi","i",3,39,60,0.6,0.6,"labial","labial","high","front"
"Basque","f4","f","pintxo",11,2,"p","voiceless","pi","i",3,39,60,0.6,0.6,"labial","labial","high","front"
"Basque","f4","f","pipa",12,2,"p","voiceless","pi","i",3,39,60,0.6,0.6,"labial","labial","high","front"
"Basque","f4","f","pisu",10,2,"p","voiceless","pi","i",3,39,60,0.6,0.6,"labial","labial","high","front"
"Basque","f4","f","porru",12,2,"p","voiceless","po","o",3,39,60,0.6,0.6,"labial","labial","non-high","back"
"Basque","f4","f","pultsu",31,2,"p","voiceless","pu","u",3,39,60,0.6,0.6,"labial","labial","high","back"
"Basque","f4","f","puma",28,2,"p","voiceless","pu","u",3,39,60,0.6,0.6,"labial","labial","high","back"
"Basque","f4","f","punta",45,2,"p","voiceless","pu","u",3,39,60,0.6,0.6,"labial","labial","high","back"
"Basque","f4","f","putre",28,2,"p","voiceless","pu","u",3,39,60,0.6,0.6,"labial","labial","high","back"
"Basque","f4","f","putz",12,1,"p","voiceless","pu","u",3,39,60,0.6,0.6,"labial","labial","high","back"
"Basque","f4","f","talde",17,2,"t","voiceless","ta","a",3,39,60,0.6,0.6,"coronal","coronal","non-high","back"
"Basque","f4","f","tanta",13,2,"t","voiceless","ta","a",3,39,60,0.6,0.6,"coronal","coronal","non-high","back"
"Basque","f4","f","tanto",14,2,"t","voiceless","ta","a",3,39,60,0.6,0.6,"coronal","coronal","non-high","back"
"Basque","f4","f","tarta",10,2,"t","voiceless","ta","a",3,39,60,0.6,0.6,"coronal","coronal","non-high","back"
"Basque","f4","f","te",16,1,"t","voiceless","te","e",3,39,60,0.6,0.6,"coronal","coronal","non-high","front"
"Basque","f4","f","teila",23,2,"t","voiceless","te","e",3,39,60,0.6,0.6,"coronal","coronal","non-high","front"
"Basque","f4","f","tigre",20,2,"t","voiceless","ti","i",3,39,60,0.6,0.6,"coronal","coronal","high","front"
"Basque","f4","f","tinta",23,2,"t","voiceless","ti","i",3,39,60,0.6,0.6,"coronal","coronal","high","front"
"Basque","f4","f","tunel",15,2,"t","voiceless","tu","u",3,39,60,0.6,0.6,"coronal","coronal","high","back"
"Basque","f4","f","tutu",14,2,"t","voiceless","tu","u",3,39,60,0.6,0.6,"coronal","coronal","high","back"
"Spanish","f1","f","barba",-78,2,"b","voiced","ba","a",4,50,78.4615384615385,0.769230769230769,0.8,"labial","labial","non-high","back"
"Spanish","f1","f","barca",-84,2,"b","voiced","ba","a",4,50,78.4615384615385,0.769230769230769,0.8,"labial","labial","non-high","back"
"Spanish","f1","f","bata",-71,2,"b","voiced","ba","a",4,50,78.4615384615385,0.769230769230769,0.8,"labial","labial","non-high","back"
"Spanish","f1","f","bici",-63,2,"b","voiced","bi","i",4,50,78.4615384615385,0.769230769230769,0.8,"labial","labial","high","front"
"Spanish","f1","f","boca",-64,2,"b","voiced","bo","o",4,50,78.4615384615385,0.769230769230769,0.8,"labial","labial","non-high","back"
"Spanish","f1","f","bolsa",-20,2,"b","voiced","bo","o",4,50,78.4615384615385,0.769230769230769,0.8,"labial","labial","non-high","back"
"Spanish","f1","f","bolso",-65,2,"b","voiced","bo","o",4,50,78.4615384615385,0.769230769230769,0.8,"labial","labial","non-high","back"
"Spanish","f1","f","bosque",-71,2,"b","voiced","bo","o",4,50,78.4615384615385,0.769230769230769,0.8,"labial","labial","non-high","back"
"Spanish","f1","f","buho",-92,2,"b","voiced","bu","u",4,50,78.4615384615385,0.769230769230769,0.8,"labial","labial","high","back"
"Spanish","f1","f","burro",-69,2,"b","voiced","bu","u",4,50,78.4615384615385,0.769230769230769,0.8,"labial","labial","high","back"
"Spanish","f1","f","cabra",21,2,"k","voiceless","ka","a",4,50,78.4615384615385,0.769230769230769,0.8,"dorsal","dorsal","non-high","back"
"Spanish","f1","f","calvo",18,2,"k","voiceless","ka","a",4,50,78.4615384615385,0.769230769230769,0.8,"dorsal","dorsal","non-high","back"
"Spanish","f1","f","cama",16,2,"k","voiceless","ka","a",4,50,78.4615384615385,0.769230769230769,0.8,"dorsal","dorsal","non-high","back"
"Spanish","f1","f","carcel",16,2,"k","voiceless","ka","a",4,50,78.4615384615385,0.769230769230769,0.8,"dorsal","dorsal","non-high","back"
"Spanish","f1","f","carne",18,2,"k","voiceless","ka","a",4,50,78.4615384615385,0.769230769230769,0.8,"dorsal","dorsal","non-high","back"
"Spanish","f1","f","carro",26,2,"k","voiceless","ka","a",4,50,78.4615384615385,0.769230769230769,0.8,"dorsal","dorsal","non-high","back"
"Spanish","f1","f","carta",17,2,"k","voiceless","ka","a",4,50,78.4615384615385,0.769230769230769,0.8,"dorsal","dorsal","non-high","back"
"Spanish","f1","f","casa",18,2,"k","voiceless","ka","a",4,50,78.4615384615385,0.769230769230769,0.8,"dorsal","dorsal","non-high","back"
"Spanish","f1","f","codo",21,2,"k","voiceless","ko","o",4,50,78.4615384615385,0.769230769230769,0.8,"dorsal","dorsal","non-high","back"
"Spanish","f1","f","culo",30,2,"k","voiceless","ku","u",4,50,78.4615384615385,0.769230769230769,0.8,"dorsal","dorsal","high","back"
"Spanish","f1","f","dado",-67,2,"d","voiced","da","a",4,50,78.4615384615385,0.769230769230769,0.8,"coronal","coronal","non-high","back"
"Spanish","f1","f","danza",-45,2,"d","voiced","da","a",4,50,78.4615384615385,0.769230769230769,0.8,"coronal","coronal","non-high","back"
"Spanish","f1","f","dardo",-81,2,"d","voiced","da","a",4,50,78.4615384615385,0.769230769230769,0.8,"coronal","coronal","non-high","back"
"Spanish","f1","f","dedo",-79,2,"d","voiced","de","e",4,50,78.4615384615385,0.769230769230769,0.8,"coronal","coronal","non-high","front"
"Spanish","f1","f","dia",-56,2,"d","voiced","di","i",4,50,78.4615384615385,0.769230769230769,0.8,"coronal","coronal","high","front"
"Spanish","f1","f","doble",-58,2,"d","voiced","do","o",4,50,78.4615384615385,0.769230769230769,0.8,"coronal","coronal","non-high","back"
"Spanish","f1","f","doce",-101,2,"d","voiced","do","o",4,50,78.4615384615385,0.769230769230769,0.8,"coronal","coronal","non-high","back"
"Spanish","f1","f","dos",-76,1,"d","voiced","do","o",4,50,78.4615384615385,0.769230769230769,0.8,"coronal","coronal","non-high","back"
"Spanish","f1","f","dulces",-61,2,"d","voiced","du","u",4,50,78.4615384615385,0.769230769230769,0.8,"coronal","coronal","high","back"
"Spanish","f1","f","duro",-94,2,"d","voiced","du","u",4,50,78.4615384615385,0.769230769230769,0.8,"coronal","coronal","high","back"
"Spanish","f1","f","gafas",-40,2,"g","voiced","ga","a",4,50,78.4615384615385,0.769230769230769,0.8,"dorsal","dorsal","non-high","back"
"Spanish","f1","f","gallo",-40,2,"g","voiced","ga","a",4,50,78.4615384615385,0.769230769230769,0.8,"dorsal","dorsal","non-high","back"
"Spanish","f1","f","garra",-70,2,"g","voiced","ga","a",4,50,78.4615384615385,0.769230769230769,0.8,"dorsal","dorsal","non-high","back"
"Spanish","f1","f","gato",-71,2,"g","voiced","ga","a",4,50,78.4615384615385,0.769230769230769,0.8,"dorsal","dorsal","non-high","back"
"Spanish","f1","f","golf",-49,1,"g","voiced","go","o",4,50,78.4615384615385,0.769230769230769,0.8,"dorsal","dorsal","non-high","back"
"Spanish","f1","f","golpe",-50,2,"g","voiced","go","o",4,50,78.4615384615385,0.769230769230769,0.8,"dorsal","dorsal","non-high","back"
"Spanish","f1","f","gordo",-77,2,"g","voiced","go","o",4,50,78.4615384615385,0.769230769230769,0.8,"dorsal","dorsal","non-high","back"
"Spanish","f1","f","gorra",-48,2,"g","voiced","go","o",4,50,78.4615384615385,0.769230769230769,0.8,"dorsal","dorsal","non-high","back"
"Spanish","f1","f","gota",-83,2,"g","voiced","go","o",4,50,78.4615384615385,0.769230769230769,0.8,"dorsal","dorsal","non-high","back"
"Spanish","f1","f","guino",-75,2,"g","voiced","gu","u",4,50,78.4615384615385,0.769230769230769,0.8,"dorsal","dorsal","high","back"
"Spanish","f1","f","pico",7,2,"p","voiceless","pi","i",4,50,78.4615384615385,0.769230769230769,0.8,"labial","labial","high","front"
"Spanish","f1","f","pina",6,2,"p","voiceless","pi","i",4,50,78.4615384615385,0.769230769230769,0.8,"labial","labial","high","front"
"Spanish","f1","f","pino",14,2,"p","voiceless","pi","i",4,50,78.4615384615385,0.769230769230769,0.8,"labial","labial","high","front"
"Spanish","f1","f","pinza",7,2,"p","voiceless","pi","i",4,50,78.4615384615385,0.769230769230769,0.8,"labial","labial","high","front"
"Spanish","f1","f","pipas",12,2,"p","voiceless","pi","i",4,50,78.4615384615385,0.769230769230769,0.8,"labial","labial","high","front"
"Spanish","f1","f","pollo",18,2,"p","voiceless","po","o",4,50,78.4615384615385,0.769230769230769,0.8,"labial","labial","non-high","back"
"Spanish","f1","f","pua",28,2,"p","voiceless","pu","u",4,50,78.4615384615385,0.769230769230769,0.8,"labial","labial","high","back"
"Spanish","f1","f","pulpo",18,2,"p","voiceless","pu","u",4,50,78.4615384615385,0.769230769230769,0.8,"labial","labial","high","back"
"Spanish","f1","f","puno",13,2,"p","voiceless","pu","u",4,50,78.4615384615385,0.769230769230769,0.8,"labial","labial","high","back"
"Spanish","f1","f","puzle",14,2,"p","voiceless","pu","u",4,50,78.4615384615385,0.769230769230769,0.8,"labial","labial","high","back"
"Spanish","f1","f","tanque",9,2,"t","voiceless","ta","a",4,50,78.4615384615385,0.769230769230769,0.8,"coronal","coronal","non-high","back"
"Spanish","f1","f","tarro",15,2,"t","voiceless","ta","a",4,50,78.4615384615385,0.769230769230769,0.8,"coronal","coronal","non-high","back"
"Spanish","f1","f","taza",11,2,"t","voiceless","ta","a",4,50,78.4615384615385,0.769230769230769,0.8,"coronal","coronal","non-high","back"
"Spanish","f1","f","techo",13,2,"t","voiceless","te","e",4,50,78.4615384615385,0.769230769230769,0.8,"coronal","coronal","non-high","front"
"Spanish","f1","f","teja",14,2,"t","voiceless","te","e",4,50,78.4615384615385,0.769230769230769,0.8,"coronal","coronal","non-high","front"
"Spanish","f1","f","timbre",14,2,"t","voiceless","ti","i",4,50,78.4615384615385,0.769230769230769,0.8,"coronal","coronal","high","front"
"Spanish","f1","f","tiza",17,2,"t","voiceless","ti","i",4,50,78.4615384615385,0.769230769230769,0.8,"coronal","coronal","high","front"
"Spanish","f1","f","toro",17,2,"t","voiceless","to","o",4,50,78.4615384615385,0.769230769230769,0.8,"coronal","coronal","non-high","back"
"Spanish","f1","f","tubo",23,2,"t","voiceless","tu","u",4,50,78.4615384615385,0.769230769230769,0.8,"coronal","coronal","high","back"
"Spanish","f1","f","tumba",15,2,"t","voiceless","tu","u",4,50,78.4615384615385,0.769230769230769,0.8,"coronal","coronal","high","back"
"Basque","f1","f","bat",-68,1,"b","voiced","ba","a",4,50,78.4615384615385,0.769230769230769,0.8,"labial","labial","non-high","back"
"Basque","f1","f","begi",-101,2,"b","voiced","be","e",4,50,78.4615384615385,0.769230769230769,0.8,"labial","labial","non-high","front"
"Basque","f1","f","behi",-55,1,"b","voiced","be","e",4,50,78.4615384615385,0.769230769230769,0.8,"labial","labial","non-high","front"
"Basque","f1","f","beltz",-69,1,"b","voiced","be","e",4,50,78.4615384615385,0.769230769230769,0.8,"labial","labial","non-high","front"
"Basque","f1","f","berde",-61,2,"b","voiced","be","e",4,50,78.4615384615385,0.769230769230769,0.8,"labial","labial","non-high","front"
"Basque","f1","f","beso",-68,2,"b","voiced","be","e",4,50,78.4615384615385,0.769230769230769,0.8,"labial","labial","non-high","front"
"Basque","f1","f","bi",-67,1,"b","voiced","bi","i",4,50,78.4615384615385,0.769230769230769,0.8,"labial","labial","high","front"
"Basque","f1","f","bide",-71,2,"b","voiced","bi","i",4,50,78.4615384615385,0.769230769230769,0.8,"labial","labial","high","front"
"Basque","f1","f","bihotz",-85,1,"b","voiced","bi","i",4,50,78.4615384615385,0.769230769230769,0.8,"labial","labial","high","front"
"Basque","f1","f","bost",-73,1,"b","voiced","bo","o",4,50,78.4615384615385,0.769230769230769,0.8,"labial","labial","non-high","back"
"Basque","f1","f","dantza",-38,2,"d","voiced","da","a",4,50,78.4615384615385,0.769230769230769,0.8,"coronal","coronal","non-high","back"
"Basque","f1","f","data",-50,2,"d","voiced","da","a",4,50,78.4615384615385,0.769230769230769,0.8,"coronal","coronal","non-high","back"
"Basque","f1","f","dei",-67,1,"d","voiced","de","e",4,50,78.4615384615385,0.769230769230769,0.8,"coronal","coronal","non-high","front"
"Basque","f1","f","denda",-43,2,"d","voiced","de","e",4,50,78.4615384615385,0.769230769230769,0.8,"coronal","coronal","non-high","front"
"Basque","f1","f","dike",-56,2,"d","voiced","di","i",4,50,78.4615384615385,0.769230769230769,0.8,"coronal","coronal","high","front"
"Basque","f1","f","diru",-24,2,"d","voiced","di","i",4,50,78.4615384615385,0.769230769230769,0.8,"coronal","coronal","high","front"
"Basque","f1","f","done",-68,2,"d","voiced","do","o",4,50,78.4615384615385,0.769230769230769,0.8,"coronal","coronal","non-high","back"
"Basque","f1","f","donuts",-63,2,"d","voiced","do","o",4,50,78.4615384615385,0.769230769230769,0.8,"coronal","coronal","non-high","back"
"Basque","f1","f","dorre",-67,2,"d","voiced","do","o",4,50,78.4615384615385,0.769230769230769,0.8,"coronal","coronal","non-high","back"
"Basque","f1","f","dutxa",-59,2,"d","voiced","du","u",4,50,78.4615384615385,0.769230769230769,0.8,"coronal","coronal","high","back"
"Basque","f1","f","galtza",-45,2,"g","voiced","ga","a",4,50,78.4615384615385,0.769230769230769,0.8,"dorsal","dorsal","non-high","back"
"Basque","f1","f","ganba",-54,2,"g","voiced","ga","a",4,50,78.4615384615385,0.769230769230769,0.8,"dorsal","dorsal","non-high","back"
"Basque","f1","f","garbi",-37,2,"g","voiced","ga","a",4,50,78.4615384615385,0.769230769230769,0.8,"dorsal","dorsal","non-high","back"
"Basque","f1","f","gatz",-51,1,"g","voiced","ga","a",4,50,78.4615384615385,0.769230769230769,0.8,"dorsal","dorsal","non-high","back"
"Basque","f1","f","gazta",-30,2,"g","voiced","ga","a",4,50,78.4615384615385,0.769230769230769,0.8,"dorsal","dorsal","non-high","back"
"Basque","f1","f","gehi",-54,1,"g","voiced","ge","e",4,50,78.4615384615385,0.769230769230769,0.8,"dorsal","dorsal","non-high","front"
"Basque","f1","f","gela",-64,2,"g","voiced","ge","e",4,50,78.4615384615385,0.769230769230769,0.8,"dorsal","dorsal","non-high","front"
"Basque","f1","f","gezi",-27,2,"g","voiced","ge","e",4,50,78.4615384615385,0.769230769230769,0.8,"dorsal","dorsal","non-high","front"
"Basque","f1","f","giltza",-79,2,"g","voiced","gi","i",4,50,78.4615384615385,0.769230769230769,0.8,"dorsal","dorsal","high","front"
"Basque","f1","f","gorri",-56,2,"g","voiced","go","o",4,50,78.4615384615385,0.769230769230769,0.8,"dorsal","dorsal","non-high","back"
"Basque","f1","f","kanpo",17,2,"k","voiceless","ka","a",4,50,78.4615384615385,0.769230769230769,0.8,"dorsal","dorsal","non-high","back"
"Basque","f1","f","karga",28,2,"k","voiceless","ka","a",4,50,78.4615384615385,0.769230769230769,0.8,"dorsal","dorsal","non-high","back"
"Basque","f1","f","ke",20,1,"k","voiceless","ke","e",4,50,78.4615384615385,0.769230769230769,0.8,"dorsal","dorsal","non-high","front"
"Basque","f1","f","keinu",13,2,"k","voiceless","ke","e",4,50,78.4615384615385,0.769230769230769,0.8,"dorsal","dorsal","non-high","front"
"Basque","f1","f","ken",28,1,"k","voiceless","ke","e",4,50,78.4615384615385,0.769230769230769,0.8,"dorsal","dorsal","non-high","front"
"Basque","f1","f","koko",25,2,"k","voiceless","ko","o",4,50,78.4615384615385,0.769230769230769,0.8,"dorsal","dorsal","non-high","back"
"Basque","f1","f","kolpe",18,2,"k","voiceless","ko","o",4,50,78.4615384615385,0.769230769230769,0.8,"dorsal","dorsal","non-high","back"
"Basque","f1","f","kontu",20,2,"k","voiceless","ko","o",4,50,78.4615384615385,0.769230769230769,0.8,"dorsal","dorsal","non-high","back"
"Basque","f1","f","kopa",19,2,"k","voiceless","ko","o",4,50,78.4615384615385,0.769230769230769,0.8,"dorsal","dorsal","non-high","back"
"Basque","f1","f","kutxa",22,2,"k","voiceless","ku","u",4,50,78.4615384615385,0.769230769230769,0.8,"dorsal","dorsal","high","back"
"Basque","f1","f","pila",7,2,"p","voiceless","pi","i",4,50,78.4615384615385,0.769230769230769,0.8,"labial","labial","high","front"
"Basque","f1","f","pintxo",15,2,"p","voiceless","pi","i",4,50,78.4615384615385,0.769230769230769,0.8,"labial","labial","high","front"
"Basque","f1","f","pipa",11,2,"p","voiceless","pi","i",4,50,78.4615384615385,0.769230769230769,0.8,"labial","labial","high","front"
"Basque","f1","f","pisu",14,2,"p","voiceless","pi","i",4,50,78.4615384615385,0.769230769230769,0.8,"labial","labial","high","front"
"Basque","f1","f","porru",11,2,"p","voiceless","po","o",4,50,78.4615384615385,0.769230769230769,0.8,"labial","labial","non-high","back"
"Basque","f1","f","pultsu",25,2,"p","voiceless","pu","u",4,50,78.4615384615385,0.769230769230769,0.8,"labial","labial","high","back"
"Basque","f1","f","puma",23,2,"p","voiceless","pu","u",4,50,78.4615384615385,0.769230769230769,0.8,"labial","labial","high","back"
"Basque","f1","f","punta",30,2,"p","voiceless","pu","u",4,50,78.4615384615385,0.769230769230769,0.8,"labial","labial","high","back"
"Basque","f1","f","putre",24,2,"p","voiceless","pu","u",4,50,78.4615384615385,0.769230769230769,0.8,"labial","labial","high","back"
"Basque","f1","f","putz",26,1,"p","voiceless","pu","u",4,50,78.4615384615385,0.769230769230769,0.8,"labial","labial","high","back"
"Basque","f1","f","talde",14,2,"t","voiceless","ta","a",4,50,78.4615384615385,0.769230769230769,0.8,"coronal","coronal","non-high","back"
"Basque","f1","f","tanta",10,2,"t","voiceless","ta","a",4,50,78.4615384615385,0.769230769230769,0.8,"coronal","coronal","non-high","back"
"Basque","f1","f","tarta",14,2,"t","voiceless","ta","a",4,50,78.4615384615385,0.769230769230769,0.8,"coronal","coronal","non-high","back"
"Basque","f1","f","te",12,1,"t","voiceless","te","e",4,50,78.4615384615385,0.769230769230769,0.8,"coronal","coronal","non-high","front"
"Basque","f1","f","teila",18,2,"t","voiceless","te","e",4,50,78.4615384615385,0.769230769230769,0.8,"coronal","coronal","non-high","front"
"Basque","f1","f","tigre",20,2,"t","voiceless","ti","i",4,50,78.4615384615385,0.769230769230769,0.8,"coronal","coronal","high","front"
"Basque","f1","f","tinta",29,2,"t","voiceless","ti","i",4,50,78.4615384615385,0.769230769230769,0.8,"coronal","coronal","high","front"
"Basque","f1","f","tunel",18,2,"t","voiceless","tu","u",4,50,78.4615384615385,0.769230769230769,0.8,"coronal","coronal","high","back"
"Basque","f1","f","tutu",14,2,"t","voiceless","tu","u",4,50,78.4615384615385,0.769230769230769,0.8,"coronal","coronal","high","back"
"Spanish","f3","f","barba",-61,2,"b","voiced","ba","a",4,61,86.9230769230769,0.938461538461538,0.8,"labial","labial","non-high","back"
"Spanish","f3","f","barca",-61,2,"b","voiced","ba","a",4,61,86.9230769230769,0.938461538461538,0.8,"labial","labial","non-high","back"
"Spanish","f3","f","bata",-109,2,"b","voiced","ba","a",4,61,86.9230769230769,0.938461538461538,0.8,"labial","labial","non-high","back"
"Spanish","f3","f","bici",-60,2,"b","voiced","bi","i",4,61,86.9230769230769,0.938461538461538,0.8,"labial","labial","high","front"
"Spanish","f3","f","boca",-77,2,"b","voiced","bo","o",4,61,86.9230769230769,0.938461538461538,0.8,"labial","labial","non-high","back"
"Spanish","f3","f","bolsa",-56,2,"b","voiced","bo","o",4,61,86.9230769230769,0.938461538461538,0.8,"labial","labial","non-high","back"
"Spanish","f3","f","bolso",-59,2,"b","voiced","bo","o",4,61,86.9230769230769,0.938461538461538,0.8,"labial","labial","non-high","back"
"Spanish","f3","f","bosque",-48,2,"b","voiced","bo","o",4,61,86.9230769230769,0.938461538461538,0.8,"labial","labial","non-high","back"
"Spanish","f3","f","buho",-56,2,"b","voiced","bu","u",4,61,86.9230769230769,0.938461538461538,0.8,"labial","labial","high","back"
"Spanish","f3","f","burro",-83,2,"b","voiced","bu","u",4,61,86.9230769230769,0.938461538461538,0.8,"labial","labial","high","back"
"Spanish","f3","f","cabra",27,2,"k","voiceless","ka","a",4,61,86.9230769230769,0.938461538461538,0.8,"dorsal","dorsal","non-high","back"
"Spanish","f3","f","calvo",18,2,"k","voiceless","ka","a",4,61,86.9230769230769,0.938461538461538,0.8,"dorsal","dorsal","non-high","back"
"Spanish","f3","f","cama",24,2,"k","voiceless","ka","a",4,61,86.9230769230769,0.938461538461538,0.8,"dorsal","dorsal","non-high","back"
"Spanish","f3","f","carcel",18,2,"k","voiceless","ka","a",4,61,86.9230769230769,0.938461538461538,0.8,"dorsal","dorsal","non-high","back"
"Spanish","f3","f","carne",37,2,"k","voiceless","ka","a",4,61,86.9230769230769,0.938461538461538,0.8,"dorsal","dorsal","non-high","back"
"Spanish","f3","f","carro",36,2,"k","voiceless","ka","a",4,61,86.9230769230769,0.938461538461538,0.8,"dorsal","dorsal","non-high","back"
"Spanish","f3","f","carta",23,2,"k","voiceless","ka","a",4,61,86.9230769230769,0.938461538461538,0.8,"dorsal","dorsal","non-high","back"
"Spanish","f3","f","casa",30,2,"k","voiceless","ka","a",4,61,86.9230769230769,0.938461538461538,0.8,"dorsal","dorsal","non-high","back"
"Spanish","f3","f","codo",29,2,"k","voiceless","ko","o",4,61,86.9230769230769,0.938461538461538,0.8,"dorsal","dorsal","non-high","back"
"Spanish","f3","f","culo",31,2,"k","voiceless","ku","u",4,61,86.9230769230769,0.938461538461538,0.8,"dorsal","dorsal","high","back"
"Spanish","f3","f","dado",-74,2,"d","voiced","da","a",4,61,86.9230769230769,0.938461538461538,0.8,"coronal","coronal","non-high","back"
"Spanish","f3","f","danza",-37,2,"d","voiced","da","a",4,61,86.9230769230769,0.938461538461538,0.8,"coronal","coronal","non-high","back"
"Spanish","f3","f","dardo",-96,2,"d","voiced","da","a",4,61,86.9230769230769,0.938461538461538,0.8,"coronal","coronal","non-high","back"
"Spanish","f3","f","dedo",-64,2,"d","voiced","de","e",4,61,86.9230769230769,0.938461538461538,0.8,"coronal","coronal","non-high","front"
"Spanish","f3","f","dia",-79,2,"d","voiced","di","i",4,61,86.9230769230769,0.938461538461538,0.8,"coronal","coronal","high","front"
"Spanish","f3","f","doble",-280,2,"d","voiced","do","o",4,61,86.9230769230769,0.938461538461538,0.8,"coronal","coronal","non-high","back"
"Spanish","f3","f","doce",-42,2,"d","voiced","do","o",4,61,86.9230769230769,0.938461538461538,0.8,"coronal","coronal","non-high","back"
"Spanish","f3","f","dos",-60,1,"d","voiced","do","o",4,61,86.9230769230769,0.938461538461538,0.8,"coronal","coronal","non-high","back"
"Spanish","f3","f","dulces",-53,2,"d","voiced","du","u",4,61,86.9230769230769,0.938461538461538,0.8,"coronal","coronal","high","back"
"Spanish","f3","f","duro",-64,2,"d","voiced","du","u",4,61,86.9230769230769,0.938461538461538,0.8,"coronal","coronal","high","back"
"Spanish","f3","f","gafas",-55,2,"g","voiced","ga","a",4,61,86.9230769230769,0.938461538461538,0.8,"dorsal","dorsal","non-high","back"
"Spanish","f3","f","gallo",-87,2,"g","voiced","ga","a",4,61,86.9230769230769,0.938461538461538,0.8,"dorsal","dorsal","non-high","back"
"Spanish","f3","f","garra",-38,2,"g","voiced","ga","a",4,61,86.9230769230769,0.938461538461538,0.8,"dorsal","dorsal","non-high","back"
"Spanish","f3","f","gato",-69,2,"g","voiced","ga","a",4,61,86.9230769230769,0.938461538461538,0.8,"dorsal","dorsal","non-high","back"
"Spanish","f3","f","golf",-80,1,"g","voiced","go","o",4,61,86.9230769230769,0.938461538461538,0.8,"dorsal","dorsal","non-high","back"
"Spanish","f3","f","golpe",-84,2,"g","voiced","go","o",4,61,86.9230769230769,0.938461538461538,0.8,"dorsal","dorsal","non-high","back"
"Spanish","f3","f","gordo",-54,2,"g","voiced","go","o",4,61,86.9230769230769,0.938461538461538,0.8,"dorsal","dorsal","non-high","back"
"Spanish","f3","f","gorra",-40,2,"g","voiced","go","o",4,61,86.9230769230769,0.938461538461538,0.8,"dorsal","dorsal","non-high","back"
"Spanish","f3","f","gota",-42,2,"g","voiced","go","o",4,61,86.9230769230769,0.938461538461538,0.8,"dorsal","dorsal","non-high","back"
"Spanish","f3","f","guino",-118,2,"g","voiced","gu","u",4,61,86.9230769230769,0.938461538461538,0.8,"dorsal","dorsal","high","back"
"Spanish","f3","f","pico",10,2,"p","voiceless","pi","i",4,61,86.9230769230769,0.938461538461538,0.8,"labial","labial","high","front"
"Spanish","f3","f","pina",6,2,"p","voiceless","pi","i",4,61,86.9230769230769,0.938461538461538,0.8,"labial","labial","high","front"
"Spanish","f3","f","pino",16,2,"p","voiceless","pi","i",4,61,86.9230769230769,0.938461538461538,0.8,"labial","labial","high","front"
"Spanish","f3","f","pinza",16,2,"p","voiceless","pi","i",4,61,86.9230769230769,0.938461538461538,0.8,"labial","labial","high","front"
"Spanish","f3","f","pipas",16,2,"p","voiceless","pi","i",4,61,86.9230769230769,0.938461538461538,0.8,"labial","labial","high","front"
"Spanish","f3","f","pollo",23,2,"p","voiceless","po","o",4,61,86.9230769230769,0.938461538461538,0.8,"labial","labial","non-high","back"
"Spanish","f3","f","pua",21,2,"p","voiceless","pu","u",4,61,86.9230769230769,0.938461538461538,0.8,"labial","labial","high","back"
"Spanish","f3","f","pulpo",27,2,"p","voiceless","pu","u",4,61,86.9230769230769,0.938461538461538,0.8,"labial","labial","high","back"
"Spanish","f3","f","puno",23,2,"p","voiceless","pu","u",4,61,86.9230769230769,0.938461538461538,0.8,"labial","labial","high","back"
"Spanish","f3","f","puzle",34,2,"p","voiceless","pu","u",4,61,86.9230769230769,0.938461538461538,0.8,"labial","labial","high","back"
"Spanish","f3","f","tanque",13,2,"t","voiceless","ta","a",4,61,86.9230769230769,0.938461538461538,0.8,"coronal","coronal","non-high","back"
"Spanish","f3","f","tarro",11,2,"t","voiceless","ta","a",4,61,86.9230769230769,0.938461538461538,0.8,"coronal","coronal","non-high","back"
"Spanish","f3","f","taza",19,2,"t","voiceless","ta","a",4,61,86.9230769230769,0.938461538461538,0.8,"coronal","coronal","non-high","back"
"Spanish","f3","f","techo",12,2,"t","voiceless","te","e",4,61,86.9230769230769,0.938461538461538,0.8,"coronal","coronal","non-high","front"
"Spanish","f3","f","teja",17,2,"t","voiceless","te","e",4,61,86.9230769230769,0.938461538461538,0.8,"coronal","coronal","non-high","front"
"Spanish","f3","f","timbre",23,2,"t","voiceless","ti","i",4,61,86.9230769230769,0.938461538461538,0.8,"coronal","coronal","high","front"
"Spanish","f3","f","tiza",13,2,"t","voiceless","ti","i",4,61,86.9230769230769,0.938461538461538,0.8,"coronal","coronal","high","front"
"Spanish","f3","f","toro",16,2,"t","voiceless","to","o",4,61,86.9230769230769,0.938461538461538,0.8,"coronal","coronal","non-high","back"
"Spanish","f3","f","tubo",10,2,"t","voiceless","tu","u",4,61,86.9230769230769,0.938461538461538,0.8,"coronal","coronal","high","back"
"Spanish","f3","f","tumba",7,2,"t","voiceless","tu","u",4,61,86.9230769230769,0.938461538461538,0.8,"coronal","coronal","high","back"
"Basque","f3","f","bat",-45,2,"b","voiced","ba","a",4,61,86.9230769230769,0.938461538461538,0.8,"labial","labial","non-high","back"
"Basque","f3","f","begi",-58,2,"b","voiced","be","e",4,61,86.9230769230769,0.938461538461538,0.8,"labial","labial","non-high","front"
"Basque","f3","f","behi",-100,1,"b","voiced","be","e",4,61,86.9230769230769,0.938461538461538,0.8,"labial","labial","non-high","front"
"Basque","f3","f","beltz",-78,1,"b","voiced","be","e",4,61,86.9230769230769,0.938461538461538,0.8,"labial","labial","non-high","front"
"Basque","f3","f","berde",-43,2,"b","voiced","be","e",4,61,86.9230769230769,0.938461538461538,0.8,"labial","labial","non-high","front"
"Basque","f3","f","beso",-71,2,"b","voiced","be","e",4,61,86.9230769230769,0.938461538461538,0.8,"labial","labial","non-high","front"
"Basque","f3","f","bi",-63,1,"b","voiced","bi","i",4,61,86.9230769230769,0.938461538461538,0.8,"labial","labial","high","front"
"Basque","f3","f","bide",-112,2,"b","voiced","bi","i",4,61,86.9230769230769,0.938461538461538,0.8,"labial","labial","high","front"
"Basque","f3","f","bihotz",-44,1,"b","voiced","bi","i",4,61,86.9230769230769,0.938461538461538,0.8,"labial","labial","high","front"
"Basque","f3","f","bost",-48,2,"b","voiced","bo","o",4,61,86.9230769230769,0.938461538461538,0.8,"labial","labial","non-high","back"
"Basque","f3","f","dantza",-61,2,"d","voiced","da","a",4,61,86.9230769230769,0.938461538461538,0.8,"coronal","coronal","non-high","back"
"Basque","f3","f","data",-60,2,"d","voiced","da","a",4,61,86.9230769230769,0.938461538461538,0.8,"coronal","coronal","non-high","back"
"Basque","f3","f","dei",-71,1,"d","voiced","de","e",4,61,86.9230769230769,0.938461538461538,0.8,"coronal","coronal","non-high","front"
"Basque","f3","f","denda",-41,2,"d","voiced","de","e",4,61,86.9230769230769,0.938461538461538,0.8,"coronal","coronal","non-high","front"
"Basque","f3","f","dike",-100,2,"d","voiced","di","i",4,61,86.9230769230769,0.938461538461538,0.8,"coronal","coronal","high","front"
"Basque","f3","f","diru",-84,2,"d","voiced","di","i",4,61,86.9230769230769,0.938461538461538,0.8,"coronal","coronal","high","front"
"Basque","f3","f","done",-58,2,"d","voiced","do","o",4,61,86.9230769230769,0.938461538461538,0.8,"coronal","coronal","non-high","back"
"Basque","f3","f","donuts",-63,2,"d","voiced","do","o",4,61,86.9230769230769,0.938461538461538,0.8,"coronal","coronal","non-high","back"
"Basque","f3","f","dorre",-63,2,"d","voiced","do","o",4,61,86.9230769230769,0.938461538461538,0.8,"coronal","coronal","non-high","back"
"Basque","f3","f","dutxa",-34,2,"d","voiced","du","u",4,61,86.9230769230769,0.938461538461538,0.8,"coronal","coronal","high","back"
"Basque","f3","f","galtza",-54,2,"g","voiced","ga","a",4,61,86.9230769230769,0.938461538461538,0.8,"dorsal","dorsal","non-high","back"
"Basque","f3","f","ganba",-50,2,"g","voiced","ga","a",4,61,86.9230769230769,0.938461538461538,0.8,"dorsal","dorsal","non-high","back"
"Basque","f3","f","garbi",-59,2,"g","voiced","ga","a",4,61,86.9230769230769,0.938461538461538,0.8,"dorsal","dorsal","non-high","back"
"Basque","f3","f","gatz",-53,1,"g","voiced","ga","a",4,61,86.9230769230769,0.938461538461538,0.8,"dorsal","dorsal","non-high","back"
"Basque","f3","f","gazta",-89,2,"g","voiced","ga","a",4,61,86.9230769230769,0.938461538461538,0.8,"dorsal","dorsal","non-high","back"
"Basque","f3","f","gehi",-60,1,"g","voiced","ge","e",4,61,86.9230769230769,0.938461538461538,0.8,"dorsal","dorsal","non-high","front"
"Basque","f3","f","gela",-44,2,"g","voiced","ge","e",4,61,86.9230769230769,0.938461538461538,0.8,"dorsal","dorsal","non-high","front"
"Basque","f3","f","gezi",-70,2,"g","voiced","ge","e",4,61,86.9230769230769,0.938461538461538,0.8,"dorsal","dorsal","non-high","front"
"Basque","f3","f","giltza",-58,2,"g","voiced","gi","i",4,61,86.9230769230769,0.938461538461538,0.8,"dorsal","dorsal","high","front"
"Basque","f3","f","gorri",-57,2,"g","voiced","go","o",4,61,86.9230769230769,0.938461538461538,0.8,"dorsal","dorsal","non-high","back"
"Basque","f3","f","kanpo",30,2,"k","voiceless","ka","a",4,61,86.9230769230769,0.938461538461538,0.8,"dorsal","dorsal","non-high","back"
"Basque","f3","f","karga",26,2,"k","voiceless","ka","a",4,61,86.9230769230769,0.938461538461538,0.8,"dorsal","dorsal","non-high","back"
"Basque","f3","f","ke",36,1,"k","voiceless","ke","e",4,61,86.9230769230769,0.938461538461538,0.8,"dorsal","dorsal","non-high","front"
"Basque","f3","f","keinu",22,2,"k","voiceless","ke","e",4,61,86.9230769230769,0.938461538461538,0.8,"dorsal","dorsal","non-high","front"
"Basque","f3","f","ken",30,1,"k","voiceless","ke","e",4,61,86.9230769230769,0.938461538461538,0.8,"dorsal","dorsal","non-high","front"
"Basque","f3","f","koko",41,2,"k","voiceless","ko","o",4,61,86.9230769230769,0.938461538461538,0.8,"dorsal","dorsal","non-high","back"
"Basque","f3","f","kolpe",28,2,"k","voiceless","ko","o",4,61,86.9230769230769,0.938461538461538,0.8,"dorsal","dorsal","non-high","back"
"Basque","f3","f","kontu",28,2,"k","voiceless","ko","o",4,61,86.9230769230769,0.938461538461538,0.8,"dorsal","dorsal","non-high","back"
"Basque","f3","f","kopa",21,2,"k","voiceless","ko","o",4,61,86.9230769230769,0.938461538461538,0.8,"dorsal","dorsal","non-high","back"
"Basque","f3","f","kutxa",40,2,"k","voiceless","ku","u",4,61,86.9230769230769,0.938461538461538,0.8,"dorsal","dorsal","high","back"
"Basque","f3","f","pila",3,2,"p","voiceless","pi","i",4,61,86.9230769230769,0.938461538461538,0.8,"labial","labial","high","front"
"Basque","f3","f","pintxo",21,2,"p","voiceless","pi","i",4,61,86.9230769230769,0.938461538461538,0.8,"labial","labial","high","front"
"Basque","f3","f","pipa",15,2,"p","voiceless","pi","i",4,61,86.9230769230769,0.938461538461538,0.8,"labial","labial","high","front"
"Basque","f3","f","pisu",11,2,"p","voiceless","pi","i",4,61,86.9230769230769,0.938461538461538,0.8,"labial","labial","high","front"
"Basque","f3","f","porru",23,2,"p","voiceless","po","o",4,61,86.9230769230769,0.938461538461538,0.8,"labial","labial","non-high","back"
"Basque","f3","f","pultsu",13,2,"p","voiceless","pu","u",4,61,86.9230769230769,0.938461538461538,0.8,"labial","labial","high","back"
"Basque","f3","f","puma",10,2,"p","voiceless","pu","u",4,61,86.9230769230769,0.938461538461538,0.8,"labial","labial","high","back"
"Basque","f3","f","punta",22,2,"p","voiceless","pu","u",4,61,86.9230769230769,0.938461538461538,0.8,"labial","labial","high","back"
"Basque","f3","f","putre",16,2,"p","voiceless","pu","u",4,61,86.9230769230769,0.938461538461538,0.8,"labial","labial","high","back"
"Basque","f3","f","putz",17,1,"p","voiceless","pu","u",4,61,86.9230769230769,0.938461538461538,0.8,"labial","labial","high","back"
"Basque","f3","f","talde",11,2,"t","voiceless","ta","a",4,61,86.9230769230769,0.938461538461538,0.8,"coronal","coronal","non-high","back"
"Basque","f3","f","tanta",9,2,"t","voiceless","ta","a",4,61,86.9230769230769,0.938461538461538,0.8,"coronal","coronal","non-high","back"
"Basque","f3","f","tarta",14,2,"t","voiceless","ta","a",4,61,86.9230769230769,0.938461538461538,0.8,"coronal","coronal","non-high","back"
"Basque","f3","f","te",11,1,"t","voiceless","te","e",4,61,86.9230769230769,0.938461538461538,0.8,"coronal","coronal","non-high","front"
"Basque","f3","f","teila",12,2,"t","voiceless","te","e",4,61,86.9230769230769,0.938461538461538,0.8,"coronal","coronal","non-high","front"
"Basque","f3","f","tigre",9,2,"t","voiceless","ti","i",4,61,86.9230769230769,0.938461538461538,0.8,"coronal","coronal","high","front"
"Basque","f3","f","tinta",28,2,"t","voiceless","ti","i",4,61,86.9230769230769,0.938461538461538,0.8,"coronal","coronal","high","front"
"Basque","f3","f","tunel",18,2,"t","voiceless","tu","u",4,61,86.9230769230769,0.938461538461538,0.8,"coronal","coronal","high","back"
"Basque","f3","f","tutu",15,2,"t","voiceless","tu","u",4,61,86.9230769230769,0.938461538461538,0.8,"coronal","coronal","high","back"
"Spanish","m1","m","barba",-118,2,"b","voiced","ba","a",2,33,45.3846153846154,0.507692307692308,0.4,"labial","labial","non-high","back"
"Spanish","m1","m","barca",-83,2,"b","voiced","ba","a",2,33,45.3846153846154,0.507692307692308,0.4,"labial","labial","non-high","back"
"Spanish","m1","m","bata",-67,2,"b","voiced","ba","a",2,33,45.3846153846154,0.507692307692308,0.4,"labial","labial","non-high","back"
"Spanish","m1","m","bici",-75,2,"b","voiced","bi","i",2,33,45.3846153846154,0.507692307692308,0.4,"labial","labial","high","front"
"Spanish","m1","m","boca",-81,2,"b","voiced","bo","o",2,33,45.3846153846154,0.507692307692308,0.4,"labial","labial","non-high","back"
"Spanish","m1","m","bolsa",-70,2,"b","voiced","bo","o",2,33,45.3846153846154,0.507692307692308,0.4,"labial","labial","non-high","back"
"Spanish","m1","m","bolso",-53,2,"b","voiced","bo","o",2,33,45.3846153846154,0.507692307692308,0.4,"labial","labial","non-high","back"
"Spanish","m1","m","bosque",-82,2,"b","voiced","bo","o",2,33,45.3846153846154,0.507692307692308,0.4,"labial","labial","non-high","back"
"Spanish","m1","m","buho",-110,2,"b","voiced","bu","u",2,33,45.3846153846154,0.507692307692308,0.4,"labial","labial","high","back"
"Spanish","m1","m","burro",-62,2,"b","voiced","bu","u",2,33,45.3846153846154,0.507692307692308,0.4,"labial","labial","high","back"
"Spanish","m1","m","cabra",32,2,"k","voiceless","ka","a",2,33,45.3846153846154,0.507692307692308,0.4,"dorsal","dorsal","non-high","back"
"Spanish","m1","m","calvo",26,2,"k","voiceless","ka","a",2,33,45.3846153846154,0.507692307692308,0.4,"dorsal","dorsal","non-high","back"
"Spanish","m1","m","cama",21,2,"k","voiceless","ka","a",2,33,45.3846153846154,0.507692307692308,0.4,"dorsal","dorsal","non-high","back"
"Spanish","m1","m","carcel",26,2,"k","voiceless","ka","a",2,33,45.3846153846154,0.507692307692308,0.4,"dorsal","dorsal","non-high","back"
"Spanish","m1","m","carne",33,2,"k","voiceless","ka","a",2,33,45.3846153846154,0.507692307692308,0.4,"dorsal","dorsal","non-high","back"
"Spanish","m1","m","carro",26,2,"k","voiceless","ka","a",2,33,45.3846153846154,0.507692307692308,0.4,"dorsal","dorsal","non-high","back"
"Spanish","m1","m","carta",26,2,"k","voiceless","ka","a",2,33,45.3846153846154,0.507692307692308,0.4,"dorsal","dorsal","non-high","back"
"Spanish","m1","m","casa",22,2,"k","voiceless","ka","a",2,33,45.3846153846154,0.507692307692308,0.4,"dorsal","dorsal","non-high","back"
"Spanish","m1","m","codo",27,2,"k","voiceless","ko","o",2,33,45.3846153846154,0.507692307692308,0.4,"dorsal","dorsal","non-high","back"
"Spanish","m1","m","culo",39,2,"k","voiceless","ku","u",2,33,45.3846153846154,0.507692307692308,0.4,"dorsal","dorsal","high","back"
"Spanish","m1","m","dado",-102,2,"d","voiced","da","a",2,33,45.3846153846154,0.507692307692308,0.4,"coronal","coronal","non-high","back"
"Spanish","m1","m","danza",-65,2,"d","voiced","da","a",2,33,45.3846153846154,0.507692307692308,0.4,"coronal","coronal","non-high","back"
"Spanish","m1","m","dardo",-86,2,"d","voiced","da","a",2,33,45.3846153846154,0.507692307692308,0.4,"coronal","coronal","non-high","back"
"Spanish","m1","m","dedo",-139,2,"d","voiced","de","e",2,33,45.3846153846154,0.507692307692308,0.4,"coronal","coronal","non-high","front"
"Spanish","m1","m","dia",-129,2,"d","voiced","di","i",2,33,45.3846153846154,0.507692307692308,0.4,"coronal","coronal","high","front"
"Spanish","m1","m","doble",-64,2,"d","voiced","do","o",2,33,45.3846153846154,0.507692307692308,0.4,"coronal","coronal","non-high","back"
"Spanish","m1","m","doce",-52,2,"d","voiced","do","o",2,33,45.3846153846154,0.507692307692308,0.4,"coronal","coronal","non-high","back"
"Spanish","m1","m","dos",-94,1,"d","voiced","do","o",2,33,45.3846153846154,0.507692307692308,0.4,"coronal","coronal","non-high","back"
"Spanish","m1","m","dulces",-97,2,"d","voiced","du","u",2,33,45.3846153846154,0.507692307692308,0.4,"coronal","coronal","high","back"
"Spanish","m1","m","duro",-74,2,"d","voiced","du","u",2,33,45.3846153846154,0.507692307692308,0.4,"coronal","coronal","high","back"
"Spanish","m1","m","gafas",-99,2,"g","voiced","ga","a",2,33,45.3846153846154,0.507692307692308,0.4,"dorsal","dorsal","non-high","back"
"Spanish","m1","m","gallo",-39,2,"g","voiced","ga","a",2,33,45.3846153846154,0.507692307692308,0.4,"dorsal","dorsal","non-high","back"
"Spanish","m1","m","garra",-67,2,"g","voiced","ga","a",2,33,45.3846153846154,0.507692307692308,0.4,"dorsal","dorsal","non-high","back"
"Spanish","m1","m","gato",-61,2,"g","voiced","ga","a",2,33,45.3846153846154,0.507692307692308,0.4,"dorsal","dorsal","non-high","back"
"Spanish","m1","m","golf",-36,1,"g","voiced","go","o",2,33,45.3846153846154,0.507692307692308,0.4,"dorsal","dorsal","non-high","back"
"Spanish","m1","m","golpe",-97,2,"g","voiced","go","o",2,33,45.3846153846154,0.507692307692308,0.4,"dorsal","dorsal","non-high","back"
"Spanish","m1","m","gorra",-98,2,"g","voiced","go","o",2,33,45.3846153846154,0.507692307692308,0.4,"dorsal","dorsal","non-high","back"
"Spanish","m1","m","gota",-43,2,"g","voiced","go","o",2,33,45.3846153846154,0.507692307692308,0.4,"dorsal","dorsal","non-high","back"
"Spanish","m1","m","guino",-71,2,"g","voiced","gu","u",2,33,45.3846153846154,0.507692307692308,0.4,"dorsal","dorsal","high","back"
"Spanish","m1","m","gordo",-75,2,"g","voiced","go","o",2,33,45.3846153846154,0.507692307692308,0.4,"dorsal","dorsal","non-high","back"
"Spanish","m1","m","pico",12,2,"p","voiceless","pi","i",2,33,45.3846153846154,0.507692307692308,0.4,"labial","labial","high","front"
"Spanish","m1","m","pina",8,2,"p","voiceless","pi","i",2,33,45.3846153846154,0.507692307692308,0.4,"labial","labial","high","front"
"Spanish","m1","m","pino",10,2,"p","voiceless","pi","i",2,33,45.3846153846154,0.507692307692308,0.4,"labial","labial","high","front"
"Spanish","m1","m","pinza",11,2,"p","voiceless","pi","i",2,33,45.3846153846154,0.507692307692308,0.4,"labial","labial","high","front"
"Spanish","m1","m","pipas",14,2,"p","voiceless","pi","i",2,33,45.3846153846154,0.507692307692308,0.4,"labial","labial","high","front"
"Spanish","m1","m","pollo",21,2,"p","voiceless","po","o",2,33,45.3846153846154,0.507692307692308,0.4,"labial","labial","non-high","back"
"Spanish","m1","m","pua",19,2,"p","voiceless","pu","u",2,33,45.3846153846154,0.507692307692308,0.4,"labial","labial","high","back"
"Spanish","m1","m","pulpo",21,2,"p","voiceless","pu","u",2,33,45.3846153846154,0.507692307692308,0.4,"labial","labial","high","back"
"Spanish","m1","m","puno",31,2,"p","voiceless","pu","u",2,33,45.3846153846154,0.507692307692308,0.4,"labial","labial","high","back"
"Spanish","m1","m","puzle",26,2,"p","voiceless","pu","u",2,33,45.3846153846154,0.507692307692308,0.4,"labial","labial","high","back"
"Spanish","m1","m","tanque",17,2,"t","voiceless","ta","a",2,33,45.3846153846154,0.507692307692308,0.4,"coronal","coronal","non-high","back"
"Spanish","m1","m","tarro",12,2,"t","voiceless","ta","a",2,33,45.3846153846154,0.507692307692308,0.4,"coronal","coronal","non-high","back"
"Spanish","m1","m","taza",16,2,"t","voiceless","ta","a",2,33,45.3846153846154,0.507692307692308,0.4,"coronal","coronal","non-high","back"
"Spanish","m1","m","techo",22,2,"t","voiceless","te","e",2,33,45.3846153846154,0.507692307692308,0.4,"coronal","coronal","non-high","front"
"Spanish","m1","m","teja",12,2,"t","voiceless","te","e",2,33,45.3846153846154,0.507692307692308,0.4,"coronal","coronal","non-high","front"
"Spanish","m1","m","timbre",15,2,"t","voiceless","ti","i",2,33,45.3846153846154,0.507692307692308,0.4,"coronal","coronal","high","front"
"Spanish","m1","m","tiza",27,2,"t","voiceless","ti","i",2,33,45.3846153846154,0.507692307692308,0.4,"coronal","coronal","high","front"
"Spanish","m1","m","toro",16,2,"t","voiceless","to","o",2,33,45.3846153846154,0.507692307692308,0.4,"coronal","coronal","non-high","back"
"Spanish","m1","m","tubo",19,2,"t","voiceless","tu","u",2,33,45.3846153846154,0.507692307692308,0.4,"coronal","coronal","high","back"
"Spanish","m1","m","tumba",19,2,"t","voiceless","tu","u",2,33,45.3846153846154,0.507692307692308,0.4,"coronal","coronal","high","back"
"Basque","m1","m","bat",-52,1,"b","voiced","ba","a",2,33,45.3846153846154,0.507692307692308,0.4,"labial","labial","non-high","back"
"Basque","m1","m","begi",-82,2,"b","voiced","be","e",2,33,45.3846153846154,0.507692307692308,0.4,"labial","labial","non-high","front"
"Basque","m1","m","behi",-76,1,"b","voiced","be","e",2,33,45.3846153846154,0.507692307692308,0.4,"labial","labial","non-high","front"
"Basque","m1","m","beltz",-89,1,"b","voiced","be","e",2,33,45.3846153846154,0.507692307692308,0.4,"labial","labial","non-high","front"
"Basque","m1","m","berde",-96,2,"b","voiced","be","e",2,33,45.3846153846154,0.507692307692308,0.4,"labial","labial","non-high","front"
"Basque","m1","m","beso",-68,2,"b","voiced","be","e",2,33,45.3846153846154,0.507692307692308,0.4,"labial","labial","non-high","front"
"Basque","m1","m","bi",-71,1,"b","voiced","bi","i",2,33,45.3846153846154,0.507692307692308,0.4,"labial","labial","high","front"
"Basque","m1","m","bide",-57,2,"b","voiced","bi","i",2,33,45.3846153846154,0.507692307692308,0.4,"labial","labial","high","front"
"Basque","m1","m","bihotz",-50,1,"b","voiced","bi","i",2,33,45.3846153846154,0.507692307692308,0.4,"labial","labial","high","front"
"Basque","m1","m","bost",-56,1,"b","voiced","bo","o",2,33,45.3846153846154,0.507692307692308,0.4,"labial","labial","non-high","back"
"Basque","m1","m","dantza",-78,2,"d","voiced","da","a",2,33,45.3846153846154,0.507692307692308,0.4,"coronal","coronal","non-high","back"
"Basque","m1","m","data",-70,2,"d","voiced","da","a",2,33,45.3846153846154,0.507692307692308,0.4,"coronal","coronal","non-high","back"
"Basque","m1","m","dei",-62,1,"d","voiced","de","e",2,33,45.3846153846154,0.507692307692308,0.4,"coronal","coronal","non-high","front"
"Basque","m1","m","denda",-78,2,"d","voiced","de","e",2,33,45.3846153846154,0.507692307692308,0.4,"coronal","coronal","non-high","front"
"Basque","m1","m","diru",-89,2,"d","voiced","di","i",2,33,45.3846153846154,0.507692307692308,0.4,"coronal","coronal","high","front"
"Basque","m1","m","donuts",-102,2,"d","voiced","do","o",2,33,45.3846153846154,0.507692307692308,0.4,"coronal","coronal","non-high","back"
"Basque","m1","m","dorre",-118,2,"d","voiced","do","o",2,33,45.3846153846154,0.507692307692308,0.4,"coronal","coronal","non-high","back"
"Basque","m1","m","dutxa",-58,2,"d","voiced","du","u",2,33,45.3846153846154,0.507692307692308,0.4,"coronal","coronal","high","back"
"Basque","m1","m","galtza",-83,2,"g","voiced","ga","a",2,33,45.3846153846154,0.507692307692308,0.4,"dorsal","dorsal","non-high","back"
"Basque","m1","m","ganba",-40,2,"g","voiced","ga","a",2,33,45.3846153846154,0.507692307692308,0.4,"dorsal","dorsal","non-high","back"
"Basque","m1","m","garbi",-28,2,"g","voiced","ga","a",2,33,45.3846153846154,0.507692307692308,0.4,"dorsal","dorsal","non-high","back"
"Basque","m1","m","gatz",-63,1,"g","voiced","ga","a",2,33,45.3846153846154,0.507692307692308,0.4,"dorsal","dorsal","non-high","back"
"Basque","m1","m","gazta",-72,2,"g","voiced","ga","a",2,33,45.3846153846154,0.507692307692308,0.4,"dorsal","dorsal","non-high","back"
"Basque","m1","m","gehi",-50,1,"g","voiced","ge","e",2,33,45.3846153846154,0.507692307692308,0.4,"dorsal","dorsal","non-high","front"
"Basque","m1","m","gela",-28,2,"g","voiced","ge","e",2,33,45.3846153846154,0.507692307692308,0.4,"dorsal","dorsal","non-high","front"
"Basque","m1","m","gezi",-63,2,"g","voiced","ge","e",2,33,45.3846153846154,0.507692307692308,0.4,"dorsal","dorsal","non-high","front"
"Basque","m1","m","giltza",-33,2,"g","voiced","gi","i",2,33,45.3846153846154,0.507692307692308,0.4,"dorsal","dorsal","high","front"
"Basque","m1","m","gorri",-89,2,"g","voiced","go","o",2,33,45.3846153846154,0.507692307692308,0.4,"dorsal","dorsal","non-high","back"
"Basque","m1","m","kanpo",29,2,"k","voiceless","ka","a",2,33,45.3846153846154,0.507692307692308,0.4,"dorsal","dorsal","non-high","back"
"Basque","m1","m","karga",25,2,"k","voiceless","ka","a",2,33,45.3846153846154,0.507692307692308,0.4,"dorsal","dorsal","non-high","back"
"Basque","m1","m","ke",21,1,"k","voiceless","ke","e",2,33,45.3846153846154,0.507692307692308,0.4,"dorsal","dorsal","non-high","front"
"Basque","m1","m","keinu",19,2,"k","voiceless","ke","e",2,33,45.3846153846154,0.507692307692308,0.4,"dorsal","dorsal","non-high","front"
"Basque","m1","m","ken",29,1,"k","voiceless","ke","e",2,33,45.3846153846154,0.507692307692308,0.4,"dorsal","dorsal","non-high","front"
"Basque","m1","m","koko",38,2,"k","voiceless","ko","o",2,33,45.3846153846154,0.507692307692308,0.4,"dorsal","dorsal","non-high","back"
"Basque","m1","m","kolpe",17,2,"k","voiceless","ko","o",2,33,45.3846153846154,0.507692307692308,0.4,"dorsal","dorsal","non-high","back"
"Basque","m1","m","kontu",25,2,"k","voiceless","ko","o",2,33,45.3846153846154,0.507692307692308,0.4,"dorsal","dorsal","non-high","back"
"Basque","m1","m","kopa",27,2,"k","voiceless","ko","o",2,33,45.3846153846154,0.507692307692308,0.4,"dorsal","dorsal","non-high","back"
"Basque","m1","m","kutxa",31,2,"k","voiceless","ku","u",2,33,45.3846153846154,0.507692307692308,0.4,"dorsal","dorsal","high","back"
"Basque","m1","m","pila",11,2,"p","voiceless","pi","i",2,33,45.3846153846154,0.507692307692308,0.4,"labial","labial","high","front"
"Basque","m1","m","pintxo",18,2,"p","voiceless","pi","i",2,33,45.3846153846154,0.507692307692308,0.4,"labial","labial","high","front"
"Basque","m1","m","pipa",18,2,"p","voiceless","pi","i",2,33,45.3846153846154,0.507692307692308,0.4,"labial","labial","high","front"
"Basque","m1","m","pisu",10,2,"p","voiceless","pi","i",2,33,45.3846153846154,0.507692307692308,0.4,"labial","labial","high","front"
"Basque","m1","m","porru",21,2,"p","voiceless","po","o",2,33,45.3846153846154,0.507692307692308,0.4,"labial","labial","non-high","back"
"Basque","m1","m","pultsu",26,2,"p","voiceless","pu","u",2,33,45.3846153846154,0.507692307692308,0.4,"labial","labial","high","back"
"Basque","m1","m","puma",17,2,"p","voiceless","pu","u",2,33,45.3846153846154,0.507692307692308,0.4,"labial","labial","high","back"
"Basque","m1","m","punta",21,2,"p","voiceless","pu","u",2,33,45.3846153846154,0.507692307692308,0.4,"labial","labial","high","back"
"Basque","m1","m","putre",38,2,"p","voiceless","pu","u",2,33,45.3846153846154,0.507692307692308,0.4,"labial","labial","high","back"
"Basque","m1","m","putz",25,1,"p","voiceless","pu","u",2,33,45.3846153846154,0.507692307692308,0.4,"labial","labial","high","back"
"Basque","m1","m","talde",13,2,"t","voiceless","ta","a",2,33,45.3846153846154,0.507692307692308,0.4,"coronal","coronal","non-high","back"
"Basque","m1","m","tanta",17,2,"t","voiceless","ta","a",2,33,45.3846153846154,0.507692307692308,0.4,"coronal","coronal","non-high","back"
"Basque","m1","m","tarta",12,2,"t","voiceless","ta","a",2,33,45.3846153846154,0.507692307692308,0.4,"coronal","coronal","non-high","back"
"Basque","m1","m","te",14,1,"t","voiceless","te","e",2,33,45.3846153846154,0.507692307692308,0.4,"coronal","coronal","non-high","front"
"Basque","m1","m","teila",13,2,"t","voiceless","te","e",2,33,45.3846153846154,0.507692307692308,0.4,"coronal","coronal","non-high","front"
"Basque","m1","m","tigre",23,2,"t","voiceless","ti","i",2,33,45.3846153846154,0.507692307692308,0.4,"coronal","coronal","high","front"
"Basque","m1","m","tinta",19,2,"t","voiceless","ti","i",2,33,45.3846153846154,0.507692307692308,0.4,"coronal","coronal","high","front"
"Basque","m1","m","tunel",20,2,"t","voiceless","tu","u",2,33,45.3846153846154,0.507692307692308,0.4,"coronal","coronal","high","back"
"Basque","m1","m","tutu",19,2,"t","voiceless","tu","u",2,33,45.3846153846154,0.507692307692308,0.4,"coronal","coronal","high","back"
"Basque","m6","m","bat",-88,1,"b","voiced","ba","a",3,53,70.7692307692308,0.815384615384615,0.6,"labial","labial","non-high","back"
"Basque","m6","m","behi",-112,1,"b","voiced","be","e",3,53,70.7692307692308,0.815384615384615,0.6,"labial","labial","non-high","front"
"Basque","m6","m","beltz",-85,1,"b","voiced","be","e",3,53,70.7692307692308,0.815384615384615,0.6,"labial","labial","non-high","front"
"Basque","m6","m","bi",-75,1,"b","voiced","bi","i",3,53,70.7692307692308,0.815384615384615,0.6,"labial","labial","high","front"
"Basque","m6","m","bihotz",-73,1,"b","voiced","bi","i",3,53,70.7692307692308,0.815384615384615,0.6,"labial","labial","high","front"
"Basque","m6","m","bost",-111,1,"b","voiced","bo","o",3,53,70.7692307692308,0.815384615384615,0.6,"labial","labial","non-high","back"
"Basque","m6","m","dantza",-86,2,"d","voiced","da","a",3,53,70.7692307692308,0.815384615384615,0.6,"coronal","coronal","non-high","back"
"Basque","m6","m","data",-108,2,"d","voiced","da","a",3,53,70.7692307692308,0.815384615384615,0.6,"coronal","coronal","non-high","back"
"Basque","m6","m","dei",-90,1,"d","voiced","de","e",3,53,70.7692307692308,0.815384615384615,0.6,"coronal","coronal","non-high","front"
"Basque","m6","m","denda",-85,2,"d","voiced","de","e",3,53,70.7692307692308,0.815384615384615,0.6,"coronal","coronal","non-high","front"
"Basque","m6","m","done",-60,2,"d","voiced","do","o",3,53,70.7692307692308,0.815384615384615,0.6,"coronal","coronal","non-high","back"
"Basque","m6","m","donuts",-57,2,"d","voiced","do","o",3,53,70.7692307692308,0.815384615384615,0.6,"coronal","coronal","non-high","back"
"Basque","m6","m","dorre",-98,2,"d","voiced","do","o",3,53,70.7692307692308,0.815384615384615,0.6,"coronal","coronal","non-high","back"
"Basque","m6","m","dutxa",-97,2,"d","voiced","du","u",3,53,70.7692307692308,0.815384615384615,0.6,"coronal","coronal","high","back"
"Basque","m6","m","galtza",-153,2,"g","voiced","ga","a",3,53,70.7692307692308,0.815384615384615,0.6,"dorsal","dorsal","non-high","back"
"Basque","m6","m","ganba",-90,2,"g","voiced","ga","a",3,53,70.7692307692308,0.815384615384615,0.6,"dorsal","dorsal","non-high","back"
"Basque","m6","m","garbi",-65,2,"g","voiced","ga","a",3,53,70.7692307692308,0.815384615384615,0.6,"dorsal","dorsal","non-high","back"
"Basque","m6","m","gatz",-109,1,"g","voiced","ga","a",3,53,70.7692307692308,0.815384615384615,0.6,"dorsal","dorsal","non-high","back"
"Basque","m6","m","gazta",-85,2,"g","voiced","ga","a",3,53,70.7692307692308,0.815384615384615,0.6,"dorsal","dorsal","non-high","back"
"Basque","m6","m","gehi",-70,1,"g","voiced","ge","e",3,53,70.7692307692308,0.815384615384615,0.6,"dorsal","dorsal","non-high","front"
"Basque","m6","m","gela",-94,2,"g","voiced","ge","e",3,53,70.7692307692308,0.815384615384615,0.6,"dorsal","dorsal","non-high","front"
"Basque","m6","m","giltza",-92,2,"g","voiced","gi","i",3,53,70.7692307692308,0.815384615384615,0.6,"dorsal","dorsal","high","front"
"Basque","m6","m","kanpo",55,2,"k","voiceless","ka","a",3,53,70.7692307692308,0.815384615384615,0.6,"dorsal","dorsal","non-high","back"
"Basque","m6","m","karga",34,2,"k","voiceless","ka","a",3,53,70.7692307692308,0.815384615384615,0.6,"dorsal","dorsal","non-high","back"
"Basque","m6","m","ke",37,1,"k","voiceless","ke","e",3,53,70.7692307692308,0.815384615384615,0.6,"dorsal","dorsal","non-high","front"
"Basque","m6","m","ken",36,1,"k","voiceless","ke","e",3,53,70.7692307692308,0.815384615384615,0.6,"dorsal","dorsal","non-high","front"
"Basque","m6","m","koko",59,2,"k","voiceless","ko","o",3,53,70.7692307692308,0.815384615384615,0.6,"dorsal","dorsal","non-high","back"
"Basque","m6","m","kolpe",48,2,"k","voiceless","ko","o",3,53,70.7692307692308,0.815384615384615,0.6,"dorsal","dorsal","non-high","back"
"Basque","m6","m","kopa",44,2,"k","voiceless","ko","o",3,53,70.7692307692308,0.815384615384615,0.6,"dorsal","dorsal","non-high","back"
"Basque","m6","m","kutxa",47,2,"k","voiceless","ku","u",3,53,70.7692307692308,0.815384615384615,0.6,"dorsal","dorsal","high","back"
"Basque","m6","m","pila",15,2,"p","voiceless","pi","i",3,53,70.7692307692308,0.815384615384615,0.6,"labial","labial","high","front"
"Basque","m6","m","pintxo",15,2,"p","voiceless","pi","i",3,53,70.7692307692308,0.815384615384615,0.6,"labial","labial","high","front"
"Basque","m6","m","pipa",13,2,"p","voiceless","pi","i",3,53,70.7692307692308,0.815384615384615,0.6,"labial","labial","high","front"
"Basque","m6","m","porru",33,2,"p","voiceless","po","o",3,53,70.7692307692308,0.815384615384615,0.6,"labial","labial","non-high","back"
"Basque","m6","m","pultsu",49,2,"p","voiceless","pu","u",3,53,70.7692307692308,0.815384615384615,0.6,"labial","labial","high","back"
"Basque","m6","m","puma",27,2,"p","voiceless","pu","u",3,53,70.7692307692308,0.815384615384615,0.6,"labial","labial","high","back"
"Basque","m6","m","punta",33,2,"p","voiceless","pu","u",3,53,70.7692307692308,0.815384615384615,0.6,"labial","labial","high","back"
"Basque","m6","m","putre",32,2,"p","voiceless","pu","u",3,53,70.7692307692308,0.815384615384615,0.6,"labial","labial","high","back"
"Basque","m6","m","putz",30,1,"p","voiceless","pu","u",3,53,70.7692307692308,0.815384615384615,0.6,"labial","labial","high","back"
"Basque","m6","m","tanta",20,2,"t","voiceless","ta","a",3,53,70.7692307692308,0.815384615384615,0.6,"coronal","coronal","non-high","back"
"Basque","m6","m","tanto",19,2,"t","voiceless","ta","a",3,53,70.7692307692308,0.815384615384615,0.6,"coronal","coronal","non-high","back"
"Basque","m6","m","tarta",15,2,"t","voiceless","ta","a",3,53,70.7692307692308,0.815384615384615,0.6,"coronal","coronal","non-high","back"
"Basque","m6","m","te",23,1,"t","voiceless","te","e",3,53,70.7692307692308,0.815384615384615,0.6,"coronal","coronal","non-high","front"
"Basque","m6","m","teila",22,2,"t","voiceless","te","e",3,53,70.7692307692308,0.815384615384615,0.6,"coronal","coronal","non-high","front"
"Basque","m6","m","tigre",26,2,"t","voiceless","ti","i",3,53,70.7692307692308,0.815384615384615,0.6,"coronal","coronal","high","front"
"Basque","m6","m","tinta",24,2,"t","voiceless","ti","i",3,53,70.7692307692308,0.815384615384615,0.6,"coronal","coronal","high","front"
"Basque","m6","m","tunel",23,2,"t","voiceless","tu","u",3,53,70.7692307692308,0.815384615384615,0.6,"coronal","coronal","high","back"
"Spanish","m6","m","barba",-114,2,"b","voiced","ba","a",3,53,70.7692307692308,0.815384615384615,0.6,"labial","labial","non-high","back"
"Spanish","m6","m","barca",-94,2,"b","voiced","ba","a",3,53,70.7692307692308,0.815384615384615,0.6,"labial","labial","non-high","back"
"Spanish","m6","m","bata",-93,2,"b","voiced","ba","a",3,53,70.7692307692308,0.815384615384615,0.6,"labial","labial","non-high","back"
"Spanish","m6","m","bici",-79,2,"b","voiced","bi","i",3,53,70.7692307692308,0.815384615384615,0.6,"labial","labial","high","front"
"Spanish","m6","m","boca",-87,2,"b","voiced","bo","o",3,53,70.7692307692308,0.815384615384615,0.6,"labial","labial","non-high","back"
"Spanish","m6","m","bolsa",-63,2,"b","voiced","bo","o",3,53,70.7692307692308,0.815384615384615,0.6,"labial","labial","non-high","back"
"Spanish","m6","m","bolso",-67,2,"b","voiced","bo","o",3,53,70.7692307692308,0.815384615384615,0.6,"labial","labial","non-high","back"
"Spanish","m6","m","bosque",-45,2,"b","voiced","bo","o",3,53,70.7692307692308,0.815384615384615,0.6,"labial","labial","non-high","back"
"Spanish","m6","m","buho",-90,2,"b","voiced","bu","u",3,53,70.7692307692308,0.815384615384615,0.6,"labial","labial","high","back"
"Spanish","m6","m","burro",-62,2,"b","voiced","bu","u",3,53,70.7692307692308,0.815384615384615,0.6,"labial","labial","high","back"
"Spanish","m6","m","cabra",38,2,"k","voiceless","ka","a",3,53,70.7692307692308,0.815384615384615,0.6,"dorsal","dorsal","non-high","back"
"Spanish","m6","m","calvo",39,2,"k","voiceless","ka","a",3,53,70.7692307692308,0.815384615384615,0.6,"dorsal","dorsal","non-high","back"
"Spanish","m6","m","cama",45,2,"k","voiceless","ka","a",3,53,70.7692307692308,0.815384615384615,0.6,"dorsal","dorsal","non-high","back"
"Spanish","m6","m","carcel",36,2,"k","voiceless","ka","a",3,53,70.7692307692308,0.815384615384615,0.6,"dorsal","dorsal","non-high","back"
"Spanish","m6","m","carne",35,2,"k","voiceless","ka","a",3,53,70.7692307692308,0.815384615384615,0.6,"dorsal","dorsal","non-high","back"
"Spanish","m6","m","carro",40,2,"k","voiceless","ka","a",3,53,70.7692307692308,0.815384615384615,0.6,"dorsal","dorsal","non-high","back"
"Spanish","m6","m","carta",32,2,"k","voiceless","ka","a",3,53,70.7692307692308,0.815384615384615,0.6,"dorsal","dorsal","non-high","back"
"Spanish","m6","m","casa",40,2,"k","voiceless","ka","a",3,53,70.7692307692308,0.815384615384615,0.6,"dorsal","dorsal","non-high","back"
"Spanish","m6","m","codo",44,2,"k","voiceless","ko","o",3,53,70.7692307692308,0.815384615384615,0.6,"dorsal","dorsal","non-high","back"
"Spanish","m6","m","culo",55,2,"k","voiceless","ku","u",3,53,70.7692307692308,0.815384615384615,0.6,"dorsal","dorsal","high","back"
"Spanish","m6","m","dado",-90,2,"d","voiced","da","a",3,53,70.7692307692308,0.815384615384615,0.6,"coronal","coronal","non-high","back"
"Spanish","m6","m","danza",-43,2,"d","voiced","da","a",3,53,70.7692307692308,0.815384615384615,0.6,"coronal","coronal","non-high","back"
"Spanish","m6","m","dardo",-118,2,"d","voiced","da","a",3,53,70.7692307692308,0.815384615384615,0.6,"coronal","coronal","non-high","back"
"Spanish","m6","m","dedo",-87,2,"d","voiced","de","e",3,53,70.7692307692308,0.815384615384615,0.6,"coronal","coronal","non-high","front"
"Spanish","m6","m","dia",-108,2,"d","voiced","di","i",3,53,70.7692307692308,0.815384615384615,0.6,"coronal","coronal","high","front"
"Spanish","m6","m","doble",-87,2,"d","voiced","do","o",3,53,70.7692307692308,0.815384615384615,0.6,"coronal","coronal","non-high","back"
"Spanish","m6","m","doce",-79,2,"d","voiced","do","o",3,53,70.7692307692308,0.815384615384615,0.6,"coronal","coronal","non-high","back"
"Spanish","m6","m","dos",-116,1,"d","voiced","do","o",3,53,70.7692307692308,0.815384615384615,0.6,"coronal","coronal","non-high","back"
"Spanish","m6","m","dulces",-59,2,"d","voiced","du","u",3,53,70.7692307692308,0.815384615384615,0.6,"coronal","coronal","high","back"
"Spanish","m6","m","duro",-69,2,"d","voiced","du","u",3,53,70.7692307692308,0.815384615384615,0.6,"coronal","coronal","high","back"
"Spanish","m6","m","gafas",-75,2,"g","voiced","ga","a",3,53,70.7692307692308,0.815384615384615,0.6,"dorsal","dorsal","non-high","back"
"Spanish","m6","m","gallo",-116,2,"g","voiced","ga","a",3,53,70.7692307692308,0.815384615384615,0.6,"dorsal","dorsal","non-high","back"
"Spanish","m6","m","garra",-101,2,"g","voiced","ga","a",3,53,70.7692307692308,0.815384615384615,0.6,"dorsal","dorsal","non-high","back"
"Spanish","m6","m","gato",-114,2,"g","voiced","ga","a",3,53,70.7692307692308,0.815384615384615,0.6,"dorsal","dorsal","non-high","back"
"Spanish","m6","m","golf",-77,1,"g","voiced","go","o",3,53,70.7692307692308,0.815384615384615,0.6,"dorsal","dorsal","non-high","back"
"Spanish","m6","m","golpe",-33,2,"g","voiced","go","o",3,53,70.7692307692308,0.815384615384615,0.6,"dorsal","dorsal","non-high","back"
"Spanish","m6","m","gordo",-57,2,"g","voiced","go","o",3,53,70.7692307692308,0.815384615384615,0.6,"dorsal","dorsal","non-high","back"
"Spanish","m6","m","gorra",-98,2,"g","voiced","go","o",3,53,70.7692307692308,0.815384615384615,0.6,"dorsal","dorsal","non-high","back"
"Spanish","m6","m","gota",-98,2,"g","voiced","go","o",3,53,70.7692307692308,0.815384615384615,0.6,"dorsal","dorsal","non-high","back"
"Spanish","m6","m","guino",-70,2,"g","voiced","gu","u",3,53,70.7692307692308,0.815384615384615,0.6,"dorsal","dorsal","high","back"
"Spanish","m6","m","pico",15,2,"p","voiceless","pi","i",3,53,70.7692307692308,0.815384615384615,0.6,"labial","labial","high","front"
"Spanish","m6","m","pina",23,2,"p","voiceless","pi","i",3,53,70.7692307692308,0.815384615384615,0.6,"labial","labial","high","front"
"Spanish","m6","m","pino",23,2,"p","voiceless","pi","i",3,53,70.7692307692308,0.815384615384615,0.6,"labial","labial","high","front"
"Spanish","m6","m","pinza",27,2,"p","voiceless","pi","i",3,53,70.7692307692308,0.815384615384615,0.6,"labial","labial","high","front"
"Spanish","m6","m","pipas",16,2,"p","voiceless","pi","i",3,53,70.7692307692308,0.815384615384615,0.6,"labial","labial","high","front"
"Spanish","m6","m","pollo",18,2,"p","voiceless","po","o",3,53,70.7692307692308,0.815384615384615,0.6,"labial","labial","non-high","back"
"Spanish","m6","m","pua",25,2,"p","voiceless","pu","u",3,53,70.7692307692308,0.815384615384615,0.6,"labial","labial","high","back"
"Spanish","m6","m","pulpo",31,2,"p","voiceless","pu","u",3,53,70.7692307692308,0.815384615384615,0.6,"labial","labial","high","back"
"Spanish","m6","m","puno",43,2,"p","voiceless","pu","u",3,53,70.7692307692308,0.815384615384615,0.6,"labial","labial","high","back"
"Spanish","m6","m","puzle",26,2,"p","voiceless","pu","u",3,53,70.7692307692308,0.815384615384615,0.6,"labial","labial","high","back"
"Spanish","m6","m","tanque",23,2,"t","voiceless","ta","a",3,53,70.7692307692308,0.815384615384615,0.6,"coronal","coronal","non-high","back"
"Spanish","m6","m","tarro",30,2,"t","voiceless","ta","a",3,53,70.7692307692308,0.815384615384615,0.6,"coronal","coronal","non-high","back"
"Spanish","m6","m","taza",37,2,"t","voiceless","ta","a",3,53,70.7692307692308,0.815384615384615,0.6,"coronal","coronal","non-high","back"
"Spanish","m6","m","techo",20,2,"t","voiceless","te","e",3,53,70.7692307692308,0.815384615384615,0.6,"coronal","coronal","non-high","front"
"Spanish","m6","m","teja",25,2,"t","voiceless","te","e",3,53,70.7692307692308,0.815384615384615,0.6,"coronal","coronal","non-high","front"
"Spanish","m6","m","timbre",29,2,"t","voiceless","ti","i",3,53,70.7692307692308,0.815384615384615,0.6,"coronal","coronal","high","front"
"Spanish","m6","m","tiza",29,2,"t","voiceless","ti","i",3,53,70.7692307692308,0.815384615384615,0.6,"coronal","coronal","high","front"
"Spanish","m6","m","toro",21,2,"t","voiceless","to","o",3,53,70.7692307692308,0.815384615384615,0.6,"coronal","coronal","non-high","back"
"Spanish","m6","m","tubo",27,2,"t","voiceless","tu","u",3,53,70.7692307692308,0.815384615384615,0.6,"coronal","coronal","high","back"
"Spanish","m6","m","tumba",21,2,"t","voiceless","tu","u",3,53,70.7692307692308,0.815384615384615,0.6,"coronal","coronal","high","back"
"Basque","m5","m","bat",-22,1,"b","voiced","ba","a",4,56,83.0769230769231,0.861538461538462,0.8,"labial","labial","non-high","back"
"Basque","m5","m","begi",-68,2,"b","voiced","be","e",4,56,83.0769230769231,0.861538461538462,0.8,"labial","labial","non-high","front"
"Basque","m5","m","behi",-73,1,"b","voiced","be","e",4,56,83.0769230769231,0.861538461538462,0.8,"labial","labial","non-high","front"
"Basque","m5","m","beltz",-35,1,"b","voiced","be","e",4,56,83.0769230769231,0.861538461538462,0.8,"labial","labial","non-high","front"
"Basque","m5","m","berde",-55,2,"b","voiced","be","e",4,56,83.0769230769231,0.861538461538462,0.8,"labial","labial","non-high","front"
"Basque","m5","m","beso",-72,2,"b","voiced","be","e",4,56,83.0769230769231,0.861538461538462,0.8,"labial","labial","non-high","front"
"Basque","m5","m","bide",-53,2,"b","voiced","bi","i",4,56,83.0769230769231,0.861538461538462,0.8,"labial","labial","high","front"
"Basque","m5","m","bihotz",-39,1,"b","voiced","bi","i",4,56,83.0769230769231,0.861538461538462,0.8,"labial","labial","high","front"
"Basque","m5","m","bost",-30,1,"b","voiced","bo","o",4,56,83.0769230769231,0.861538461538462,0.8,"labial","labial","non-high","back"
"Basque","m5","m","data",-107,2,"d","voiced","da","a",4,56,83.0769230769231,0.861538461538462,0.8,"coronal","coronal","non-high","back"
"Basque","m5","m","dei",-88,1,"d","voiced","de","e",4,56,83.0769230769231,0.861538461538462,0.8,"coronal","coronal","non-high","front"
"Basque","m5","m","denda",-65,2,"d","voiced","de","e",4,56,83.0769230769231,0.861538461538462,0.8,"coronal","coronal","non-high","front"
"Basque","m5","m","diru",-63,2,"d","voiced","di","i",4,56,83.0769230769231,0.861538461538462,0.8,"coronal","coronal","high","front"
"Basque","m5","m","done",-70,2,"d","voiced","do","o",4,56,83.0769230769231,0.861538461538462,0.8,"coronal","coronal","non-high","back"
"Basque","m5","m","donuts",-46,2,"d","voiced","do","o",4,56,83.0769230769231,0.861538461538462,0.8,"coronal","coronal","non-high","back"
"Basque","m5","m","dorre",-62,2,"d","voiced","do","o",4,56,83.0769230769231,0.861538461538462,0.8,"coronal","coronal","non-high","back"
"Basque","m5","m","dutxa",-58,2,"d","voiced","du","u",4,56,83.0769230769231,0.861538461538462,0.8,"coronal","coronal","high","back"
"Basque","m5","m","galtza",-27,2,"g","voiced","ga","a",4,56,83.0769230769231,0.861538461538462,0.8,"dorsal","dorsal","non-high","back"
"Basque","m5","m","ganba",-60,2,"g","voiced","ga","a",4,56,83.0769230769231,0.861538461538462,0.8,"dorsal","dorsal","non-high","back"
"Basque","m5","m","garbi",-75,2,"g","voiced","ga","a",4,56,83.0769230769231,0.861538461538462,0.8,"dorsal","dorsal","non-high","back"
"Basque","m5","m","gatz",-47,1,"g","voiced","ga","a",4,56,83.0769230769231,0.861538461538462,0.8,"dorsal","dorsal","non-high","back"
"Basque","m5","m","gazta",-60,2,"g","voiced","ga","a",4,56,83.0769230769231,0.861538461538462,0.8,"dorsal","dorsal","non-high","back"
"Basque","m5","m","gehi",-67,1,"g","voiced","ge","e",4,56,83.0769230769231,0.861538461538462,0.8,"dorsal","dorsal","non-high","front"
"Basque","m5","m","gela",-50,2,"g","voiced","ge","e",4,56,83.0769230769231,0.861538461538462,0.8,"dorsal","dorsal","non-high","front"
"Basque","m5","m","gezi",-38,2,"g","voiced","ge","e",4,56,83.0769230769231,0.861538461538462,0.8,"dorsal","dorsal","non-high","front"
"Basque","m5","m","giltza",-48,2,"g","voiced","gi","i",4,56,83.0769230769231,0.861538461538462,0.8,"dorsal","dorsal","high","front"
"Basque","m5","m","gorri",-40,2,"g","voiced","go","o",4,56,83.0769230769231,0.861538461538462,0.8,"dorsal","dorsal","non-high","back"
"Basque","m5","m","kanpo",20,2,"k","voiceless","ka","a",4,56,83.0769230769231,0.861538461538462,0.8,"dorsal","dorsal","non-high","back"
"Basque","m5","m","karga",21,2,"k","voiceless","ka","a",4,56,83.0769230769231,0.861538461538462,0.8,"dorsal","dorsal","non-high","back"
"Basque","m5","m","ke",29,1,"k","voiceless","ke","e",4,56,83.0769230769231,0.861538461538462,0.8,"dorsal","dorsal","non-high","front"
"Basque","m5","m","keinu",31,2,"k","voiceless","ke","e",4,56,83.0769230769231,0.861538461538462,0.8,"dorsal","dorsal","non-high","front"
"Basque","m5","m","ken",29,1,"k","voiceless","ke","e",4,56,83.0769230769231,0.861538461538462,0.8,"dorsal","dorsal","non-high","front"
"Basque","m5","m","koko",21,2,"k","voiceless","ko","o",4,56,83.0769230769231,0.861538461538462,0.8,"dorsal","dorsal","non-high","back"
"Basque","m5","m","kolpe",30,2,"k","voiceless","ko","o",4,56,83.0769230769231,0.861538461538462,0.8,"dorsal","dorsal","non-high","back"
"Basque","m5","m","kontu",29,2,"k","voiceless","ko","o",4,56,83.0769230769231,0.861538461538462,0.8,"dorsal","dorsal","non-high","back"
"Basque","m5","m","kopa",24,2,"k","voiceless","ko","o",4,56,83.0769230769231,0.861538461538462,0.8,"dorsal","dorsal","non-high","back"
"Basque","m5","m","kutxa",24,2,"k","voiceless","ku","u",4,56,83.0769230769231,0.861538461538462,0.8,"dorsal","dorsal","high","back"
"Basque","m5","m","pila",11,2,"p","voiceless","pi","i",4,56,83.0769230769231,0.861538461538462,0.8,"labial","labial","high","front"
"Basque","m5","m","pintxo",13,2,"p","voiceless","pi","i",4,56,83.0769230769231,0.861538461538462,0.8,"labial","labial","high","front"
"Basque","m5","m","pipa",11,2,"p","voiceless","pi","i",4,56,83.0769230769231,0.861538461538462,0.8,"labial","labial","high","front"
"Basque","m5","m","pisu",8,2,"p","voiceless","pi","i",4,56,83.0769230769231,0.861538461538462,0.8,"labial","labial","high","front"
"Basque","m5","m","porru",15,2,"p","voiceless","po","o",4,56,83.0769230769231,0.861538461538462,0.8,"labial","labial","non-high","back"
"Basque","m5","m","pultsu",24,2,"p","voiceless","pu","u",4,56,83.0769230769231,0.861538461538462,0.8,"labial","labial","high","back"
"Basque","m5","m","puma",13,2,"p","voiceless","pu","u",4,56,83.0769230769231,0.861538461538462,0.8,"labial","labial","high","back"
"Basque","m5","m","punta",13,2,"p","voiceless","pu","u",4,56,83.0769230769231,0.861538461538462,0.8,"labial","labial","high","back"
"Basque","m5","m","putre",19,2,"p","voiceless","pu","u",4,56,83.0769230769231,0.861538461538462,0.8,"labial","labial","high","back"
"Basque","m5","m","putz",26,1,"p","voiceless","pu","u",4,56,83.0769230769231,0.861538461538462,0.8,"labial","labial","high","back"
"Basque","m5","m","talde",17,2,"t","voiceless","ta","a",4,56,83.0769230769231,0.861538461538462,0.8,"coronal","coronal","non-high","back"
"Basque","m5","m","tanta",12,2,"t","voiceless","ta","a",4,56,83.0769230769231,0.861538461538462,0.8,"coronal","coronal","non-high","back"
"Basque","m5","m","tanto",17,2,"t","voiceless","ta","a",4,56,83.0769230769231,0.861538461538462,0.8,"coronal","coronal","non-high","back"
"Basque","m5","m","tarta",16,2,"t","voiceless","ta","a",4,56,83.0769230769231,0.861538461538462,0.8,"coronal","coronal","non-high","back"
"Basque","m5","m","te",13,1,"t","voiceless","te","e",4,56,83.0769230769231,0.861538461538462,0.8,"coronal","coronal","non-high","front"
"Basque","m5","m","teila",17,2,"t","voiceless","te","e",4,56,83.0769230769231,0.861538461538462,0.8,"coronal","coronal","non-high","front"
"Basque","m5","m","tigre",19,2,"t","voiceless","ti","i",4,56,83.0769230769231,0.861538461538462,0.8,"coronal","coronal","high","front"
"Basque","m5","m","tinta",25,2,"t","voiceless","ti","i",4,56,83.0769230769231,0.861538461538462,0.8,"coronal","coronal","high","front"
"Basque","m5","m","tunel",25,2,"t","voiceless","tu","u",4,56,83.0769230769231,0.861538461538462,0.8,"coronal","coronal","high","back"
"Basque","m5","m","tutu",21,2,"t","voiceless","tu","u",4,56,83.0769230769231,0.861538461538462,0.8,"coronal","coronal","high","back"
"Spanish","m5","m","barba",-45,2,"b","voiced","ba","a",4,56,83.0769230769231,0.861538461538462,0.8,"labial","labial","non-high","back"
"Spanish","m5","m","barca",-39,2,"b","voiced","ba","a",4,56,83.0769230769231,0.861538461538462,0.8,"labial","labial","non-high","back"
"Spanish","m5","m","bata",-81,2,"b","voiced","ba","a",4,56,83.0769230769231,0.861538461538462,0.8,"labial","labial","non-high","back"
"Spanish","m5","m","bici",-73,2,"b","voiced","bi","i",4,56,83.0769230769231,0.861538461538462,0.8,"labial","labial","high","front"
"Spanish","m5","m","boca",-68,2,"b","voiced","bo","o",4,56,83.0769230769231,0.861538461538462,0.8,"labial","labial","non-high","back"
"Spanish","m5","m","bolsa",-52,2,"b","voiced","bo","o",4,56,83.0769230769231,0.861538461538462,0.8,"labial","labial","non-high","back"
"Spanish","m5","m","bolso",-47,2,"b","voiced","bo","o",4,56,83.0769230769231,0.861538461538462,0.8,"labial","labial","non-high","back"
"Spanish","m5","m","bosque",-48,2,"b","voiced","bo","o",4,56,83.0769230769231,0.861538461538462,0.8,"labial","labial","non-high","back"
"Spanish","m5","m","buho",-107,2,"b","voiced","bu","u",4,56,83.0769230769231,0.861538461538462,0.8,"labial","labial","high","back"
"Spanish","m5","m","burro",-72,2,"b","voiced","bu","u",4,56,83.0769230769231,0.861538461538462,0.8,"labial","labial","high","back"
"Spanish","m5","m","cabra",24,2,"k","voiceless","ka","a",4,56,83.0769230769231,0.861538461538462,0.8,"dorsal","dorsal","non-high","back"
"Spanish","m5","m","calvo",23,2,"k","voiceless","ka","a",4,56,83.0769230769231,0.861538461538462,0.8,"dorsal","dorsal","non-high","back"
"Spanish","m5","m","cama",30,2,"k","voiceless","ka","a",4,56,83.0769230769231,0.861538461538462,0.8,"dorsal","dorsal","non-high","back"
"Spanish","m5","m","carcel",25,2,"k","voiceless","ka","a",4,56,83.0769230769231,0.861538461538462,0.8,"dorsal","dorsal","non-high","back"
"Spanish","m5","m","carne",33,2,"k","voiceless","ka","a",4,56,83.0769230769231,0.861538461538462,0.8,"dorsal","dorsal","non-high","back"
"Spanish","m5","m","carro",25,2,"k","voiceless","ka","a",4,56,83.0769230769231,0.861538461538462,0.8,"dorsal","dorsal","non-high","back"
"Spanish","m5","m","carta",23,2,"k","voiceless","ka","a",4,56,83.0769230769231,0.861538461538462,0.8,"dorsal","dorsal","non-high","back"
"Spanish","m5","m","casa",19,2,"k","voiceless","ka","a",4,56,83.0769230769231,0.861538461538462,0.8,"dorsal","dorsal","non-high","back"
"Spanish","m5","m","codo",26,2,"k","voiceless","ko","o",4,56,83.0769230769231,0.861538461538462,0.8,"dorsal","dorsal","non-high","back"
"Spanish","m5","m","culo",28,2,"k","voiceless","ku","u",4,56,83.0769230769231,0.861538461538462,0.8,"dorsal","dorsal","high","back"
"Spanish","m5","m","dado",-47,2,"d","voiced","da","a",4,56,83.0769230769231,0.861538461538462,0.8,"coronal","coronal","non-high","back"
"Spanish","m5","m","danza",-43,2,"d","voiced","da","a",4,56,83.0769230769231,0.861538461538462,0.8,"coronal","coronal","non-high","back"
"Spanish","m5","m","dardo",-62,2,"d","voiced","da","a",4,56,83.0769230769231,0.861538461538462,0.8,"coronal","coronal","non-high","back"
"Spanish","m5","m","dedo",-56,2,"d","voiced","de","e",4,56,83.0769230769231,0.861538461538462,0.8,"coronal","coronal","non-high","front"
"Spanish","m5","m","dia",-59,2,"d","voiced","di","i",4,56,83.0769230769231,0.861538461538462,0.8,"coronal","coronal","high","front"
"Spanish","m5","m","doble",-44,2,"d","voiced","do","o",4,56,83.0769230769231,0.861538461538462,0.8,"coronal","coronal","non-high","back"
"Spanish","m5","m","doce",-55,2,"d","voiced","do","o",4,56,83.0769230769231,0.861538461538462,0.8,"coronal","coronal","non-high","back"
"Spanish","m5","m","dos",-42,1,"d","voiced","do","o",4,56,83.0769230769231,0.861538461538462,0.8,"coronal","coronal","non-high","back"
"Spanish","m5","m","duro",-93,2,"d","voiced","du","u",4,56,83.0769230769231,0.861538461538462,0.8,"coronal","coronal","high","back"
"Spanish","m5","m","gafas",-38,2,"g","voiced","ga","a",4,56,83.0769230769231,0.861538461538462,0.8,"dorsal","dorsal","non-high","back"
"Spanish","m5","m","gallo",-50,2,"g","voiced","ga","a",4,56,83.0769230769231,0.861538461538462,0.8,"dorsal","dorsal","non-high","back"
"Spanish","m5","m","garra",-55,2,"g","voiced","ga","a",4,56,83.0769230769231,0.861538461538462,0.8,"dorsal","dorsal","non-high","back"
"Spanish","m5","m","gato",-53,2,"g","voiced","ga","a",4,56,83.0769230769231,0.861538461538462,0.8,"dorsal","dorsal","non-high","back"
"Spanish","m5","m","golf",-41,1,"g","voiced","go","o",4,56,83.0769230769231,0.861538461538462,0.8,"dorsal","dorsal","non-high","back"
"Spanish","m5","m","golpe",-25,2,"g","voiced","go","o",4,56,83.0769230769231,0.861538461538462,0.8,"dorsal","dorsal","non-high","back"
"Spanish","m5","m","gorra",-47,2,"g","voiced","go","o",4,56,83.0769230769231,0.861538461538462,0.8,"dorsal","dorsal","non-high","back"
"Spanish","m5","m","gota",-58,2,"g","voiced","go","o",4,56,83.0769230769231,0.861538461538462,0.8,"dorsal","dorsal","non-high","back"
"Spanish","m5","m","guino",-52,2,"g","voiced","gu","u",4,56,83.0769230769231,0.861538461538462,0.8,"dorsal","dorsal","high","back"
"Spanish","m5","m","pico",10,2,"p","voiceless","pi","i",4,56,83.0769230769231,0.861538461538462,0.8,"labial","labial","high","front"
"Spanish","m5","m","pina",13,2,"p","voiceless","pi","i",4,56,83.0769230769231,0.861538461538462,0.8,"labial","labial","high","front"
"Spanish","m5","m","pino",16,2,"p","voiceless","pi","i",4,56,83.0769230769231,0.861538461538462,0.8,"labial","labial","high","front"
"Spanish","m5","m","pinza",22,2,"p","voiceless","pi","i",4,56,83.0769230769231,0.861538461538462,0.8,"labial","labial","high","front"
"Spanish","m5","m","pipas",23,2,"p","voiceless","pi","i",4,56,83.0769230769231,0.861538461538462,0.8,"labial","labial","high","front"
"Spanish","m5","m","pollo",13,2,"p","voiceless","po","o",4,56,83.0769230769231,0.861538461538462,0.8,"labial","labial","non-high","back"
"Spanish","m5","m","pua",15,2,"p","voiceless","pu","u",4,56,83.0769230769231,0.861538461538462,0.8,"labial","labial","high","back"
"Spanish","m5","m","pulpo",13,2,"p","voiceless","pu","u",4,56,83.0769230769231,0.861538461538462,0.8,"labial","labial","high","back"
"Spanish","m5","m","puno",13,2,"p","voiceless","pu","u",4,56,83.0769230769231,0.861538461538462,0.8,"labial","labial","high","back"
"Spanish","m5","m","puzle",13,2,"p","voiceless","pu","u",4,56,83.0769230769231,0.861538461538462,0.8,"labial","labial","high","back"
"Spanish","m5","m","tanque",10,2,"t","voiceless","ta","a",4,56,83.0769230769231,0.861538461538462,0.8,"coronal","coronal","non-high","back"
"Spanish","m5","m","tarro",17,2,"t","voiceless","ta","a",4,56,83.0769230769231,0.861538461538462,0.8,"coronal","coronal","non-high","back"
"Spanish","m5","m","taza",14,2,"t","voiceless","ta","a",4,56,83.0769230769231,0.861538461538462,0.8,"coronal","coronal","non-high","back"
"Spanish","m5","m","techo",14,2,"t","voiceless","te","e",4,56,83.0769230769231,0.861538461538462,0.8,"coronal","coronal","non-high","front"
"Spanish","m5","m","teja",17,2,"t","voiceless","te","e",4,56,83.0769230769231,0.861538461538462,0.8,"coronal","coronal","non-high","front"
"Spanish","m5","m","timbre",25,2,"t","voiceless","ti","i",4,56,83.0769230769231,0.861538461538462,0.8,"coronal","coronal","high","front"
"Spanish","m5","m","tiza",16,2,"t","voiceless","ti","i",4,56,83.0769230769231,0.861538461538462,0.8,"coronal","coronal","high","front"
"Spanish","m5","m","toro",17,2,"t","voiceless","to","o",4,56,83.0769230769231,0.861538461538462,0.8,"coronal","coronal","non-high","back"
"Spanish","m5","m","tubo",19,2,"t","voiceless","tu","u",4,56,83.0769230769231,0.861538461538462,0.8,"coronal","coronal","high","back"
"Spanish","m5","m","tumba",12,2,"t","voiceless","tu","u",4,56,83.0769230769231,0.861538461538462,0.8,"coronal","coronal","high","back"
